<?xml version="1.0"?>
<?xml-stylesheet type="text/xsl" href="JiveXML_event.xsl"?>
<?ATLAS Release: "15.5.0"?>
<!DOCTYPE Event SYSTEM "event.dtd">


<Event version="15.5.0" runNumber="106051" eventNumber="1950737" dateTime="">


<Cluster count="28" storeGateKey="MuonClusterCollection">

<cells multiple="1.0">
0 0 0 0 0 0 0 0 0 0
0 0 0 0 0 0 0 0 0 0
0 0 0 0 0 0 0 0 
</cells>
<et>
1.1268 2.3448 1.80607 2.72485 1.1268 2.3448 1.80607 2.72485 1.11388 2.38914
0.542656 2.96256 1.1268 2.3448 1.80607 2.70246 1.1268 2.3448 1.80607 2.72485
1.1268 2.3448 1.80607 2.72485 1.65453 2.8276 1.11388 2.34819 
</et>
<eta>
1.45987 1.5308 -0.161908 -0.183666 1.45987 1.5308 -0.161908 -0.183666 1.45983 1.52849
-0.1762 -0.172506 1.45987 1.5308 -0.161908 -0.183053 1.45987 1.5308 -0.161908 -0.183666
1.45987 1.5308 -0.161908 -0.183666 -0.160826 -0.177456 1.45983 1.52821 
</eta>
<id>
1 2 3 4 5 6 7 8 9 10
11 12 13 14 15 16 17 18 19 20
21 22 23 24 25 26 27 28 
</id>
<numCells>
0 0 0 0 0 0 0 0 0 0
0 0 0 0 0 0 0 0 0 0
0 0 0 0 0 0 0 0 
</numCells>
<phi>
2.99545 3.0456 -0.144857 -0.129009 2.99545 3.0456 -0.144857 -0.129009 2.99535 3.04634
-0.12725 -0.11187 2.99545 3.0456 -0.144857 -0.128381 2.99545 3.0456 -0.144857 -0.129009
2.99545 3.0456 -0.144857 -0.129009 -0.144894 -0.120854 2.99535 3.0518 
</phi>
</Cluster>

<Jet count="1" storeGateKey="Cone7H1TowerJets_AOD">

<et>
8.4793 
</et>
<eta>
1.76292 
</eta>
<id>
1 
</id>
<phi>
2.8822 
</phi>
<pt>
8.38833 
</pt>
</Jet>

<BJet count="1" storeGateKey="Cone7H1TowerJets_AOD">

<charge>
0 
</charge>
<energy>
25.442 
</energy>
<eta>
1.76292 
</eta>
<lhSig>
0 
</lhSig>
<phi>
2.8822 
</phi>
<pt>
8.38833 
</pt>
<weight>
-30 
</weight>
</BJet>

<ETMis count="1" storeGateKey="MET_RefFinal">

<et>
87.1345 
</et>
<etx>
6.4409 
</etx>
<ety>
6.4409 
</ety>
</ETMis>

<ETMis count="1" storeGateKey="MET_Calib">

<et>
93.5089 
</et>
<etx>
5.22 
</etx>
<ety>
5.22 
</ety>
</ETMis>

<ETMis count="1" storeGateKey="MET_Final">

<et>
87.7222 
</et>
<etx>
10.8856 
</etx>
<ety>
10.8856 
</ety>
</ETMis>

<ETMis count="1" storeGateKey="MET_Truth">

<et>
85.2646 
</et>
<etx>
2.73634 
</etx>
<ety>
2.73634 
</ety>
</ETMis>

<Muon count="2" storeGateKey="StacoMuonCollection">

<author>
none none 
</author>
<chi2>
1.86995 6.54425 
</chi2>
<clusterIndex>
20 22 
</clusterIndex>
<clusterKey>
MuonClusterCollection MuonClusterCollection 
</clusterKey>
<dataType>
1 1 
</dataType>
<etConeIsol>
0.301282 0.113943 
</etConeIsol>
<eta>
1.47939 -0.173228 
</eta>
<pdgId>
13 -13 
</pdgId>
<phi>
2.99229 -0.0928916 
</phi>
<pt>
34.203 32.5185 
</pt>
<trackIndex>
6 8 
</trackIndex>
<trackKey>
TrackParticleCandidate TrackParticleCandidate 
</trackKey>
</Muon>

<Muon count="2" storeGateKey="AtlfastIsoMuonCollection">

<author>
unknown unknown 
</author>
<chi2>
0 0 
</chi2>
<clusterIndex>
-1 -1 
</clusterIndex>
<clusterKey>
none none 
</clusterKey>
<dataType>
3 3 
</dataType>
<etConeIsol>
0 0 
</etConeIsol>
<eta>
1.47952 -0.173952 
</eta>
<pdgId>
13 -13 
</pdgId>
<phi>
2.99219 -0.0928071 
</phi>
<pt>
34.4824 32.0283 
</pt>
<trackIndex>
-1 -1 
</trackIndex>
<trackKey>
none none 
</trackKey>
</Muon>

<Muon count="2" storeGateKey="AtlfastMuonCollection">

<author>
unknown unknown 
</author>
<chi2>
0 0 
</chi2>
<clusterIndex>
-1 -1 
</clusterIndex>
<clusterKey>
none none 
</clusterKey>
<dataType>
3 3 
</dataType>
<etConeIsol>
0 0 
</etConeIsol>
<eta>
1.47952 -0.173952 
</eta>
<pdgId>
13 -13 
</pdgId>
<phi>
2.99219 -0.0928071 
</phi>
<pt>
34.4824 32.0283 
</pt>
<trackIndex>
-1 -1 
</trackIndex>
<trackKey>
none none 
</trackKey>
</Muon>

<Muon count="2" storeGateKey="CaloMuonCollection">

<author>
none none 
</author>
<chi2>
0 0 
</chi2>
<clusterIndex>
0 2 
</clusterIndex>
<clusterKey>
MuonClusterCollection MuonClusterCollection 
</clusterKey>
<dataType>
1 1 
</dataType>
<etConeIsol>
0.301282 0.113943 
</etConeIsol>
<eta>
1.47958 -0.17393 
</eta>
<pdgId>
13 -13 
</pdgId>
<phi>
2.99224 -0.0929201 
</phi>
<pt>
33.187 32.4817 
</pt>
<trackIndex>
6 8 
</trackIndex>
<trackKey>
TrackParticleCandidate TrackParticleCandidate 
</trackKey>
</Muon>

<Muon count="2" storeGateKey="MuidMuonCollection">

<author>
none none 
</author>
<chi2>
1.28254 4.84257 
</chi2>
<clusterIndex>
4 6 
</clusterIndex>
<clusterKey>
MuonClusterCollection MuonClusterCollection 
</clusterKey>
<dataType>
1 1 
</dataType>
<etConeIsol>
0.301282 0.113943 
</etConeIsol>
<eta>
1.47948 -0.17328 
</eta>
<pdgId>
13 -13 
</pdgId>
<phi>
2.99228 -0.0928717 
</phi>
<pt>
33.9981 32.0893 
</pt>
<trackIndex>
6 8 
</trackIndex>
<trackKey>
TrackParticleCandidate TrackParticleCandidate 
</trackKey>
</Muon>

<Segment count="6" storeGateKey="ConvertedMBoySegments">

<hits multiple="10.3333">
1647870620 1647871640 1647871644 1647837472 1647845664 1647853920 1647862112 1647886992 1647888016 1647888012
1681392256 1681396352 1681400480 1681408704 1681412800 1681416928 1681429184 1681430208 1681430212 1681425088
1681426112 1681426116 2018690160 2018692216 1800671648 1800675744 1800679872 1800684032 1800688128 1800692256
1800696352 1936049160 1936053256 1936033016 1936037112 1851524512 1851524544 1851528608 1851532736 1851541056
1851545152 1851549248 1851549280 1969603592 1969605648 1969589496 2003158024 2003160080 2003143928 1886127328
1886131424 1886135552 1886143840 1886147936 1886152064 1614283232 1614287360 1614291424 1614295552 1614299680
1614303776 1614311968 
</hits>
<numHits>
10 12 9 18 6 7 
</numHits>
<phi>
-0.124977 -0.0962877 3.00301 3.02168 3.00308 6.12303e-17 
</phi>
<theta>
1.72029 1.71226 0.45094 0.461262 0.462631 1.73234 
</theta>
<x>
713.9 950 -366.341 -689.739 -1041.72 494.898 
</x>
<y>
-70.705 -91.7571 51.338 88.9991 134.963 0 
</y>
<z>
-118.538 -153.156 767.503 1429.45 2142.45 -84.028 
</z>
</Segment>

<Segment count="6" storeGateKey="MooreSegments">

<hits multiple="6.5">
1614283232 1614287360 1614291424 1614295552 1614299680 1614303776 1614311968 1647837472 1647845664 1647853920
1647862112 1681392256 1681396352 1681400480 1681408704 1681412800 1681416928 1800667520 1800671648 1800675744
1800679872 1800684032 1800688128 1800692256 1800696352 1851524512 1851524544 1851528608 1851532736 1851541056
1851545152 1851549248 1851549280 1886127328 1886131424 1886135552 1886143840 1886147936 1886152064 
</hits>
<numHits>
7 4 6 8 8 6 
</numHits>
<phi>
-0.0966583 -0.0966583 -0.0966583 3.01485 3.01485 3.01485 
</phi>
<theta>
1.73161 1.72126 1.71199 0.451416 0.46148 0.461801 
</theta>
<x>
489.297 713.201 950.047 -367.583 -689.644 -1043.83 
</x>
<y>
-47.543 -69.2528 -92.2175 46.9401 87.9786 133.111 
</y>
<z>
-83.1078 -118.432 -153.16 770.112 1429.26 2146.72 
</z>
</Segment>

<Segment count="9" storeGateKey="MuGirlSegments">

<hits multiple="9.33333">
2018689152 2018691200 2018690160 2018692216 1800667520 1800671648 1800675744 1800679872 1800684032 1800688128
1800692256 1800696352 1936031880 1936033944 1936035992 1936048240 1936050296 1936052352 1969586664 1969588712
1969603016 1969605064 2003141168 2003143224 2003157528 2003159576 1936049160 1936053256 1969589496 1969603592
1969605648 2003143928 2003158024 2003160080 1851524512 1851524544 1851528608 1851532736 1851541056 1851545152
1851549248 1851549280 1886127328 1886131424 1886135552 1886143840 1886147936 1886152064 1614283232 1614287360
1614291424 1614295552 1614299680 1614303776 1614307872 1614311968 1647869972 1647869976 1647871000 1647886372
1647887400 1647887396 1647870620 1647871644 1647871640 1647886992 1647888016 1647888012 1681424472 1681428480
1681425500 1681429504 1681425088 1681429184 1681426116 1681430212 1681426112 1681430208 1681392256 1681396352
1681400480 1681408704 1681412800 1681416928 
</hits>
<numHits>
4 8 22 8 6 8 12 10 6 
</numHits>
<phi>
3.00555 3.00583 3.08144 3.03203 3.03227 -0.111087 -0.122484 -0.110963 -0.110876 
</phi>
<theta>
0.448146 0.451889 0.463776 0.46067 0.460974 1.72753 1.71971 1.7212 1.71179 
</theta>
<x>
-332.276 -367.575 -648.982 -689.634 -1043.85 493.137 682.494 985.155 949.812 
</x>
<y>
46.5395 51.0836 89.1658 89.4051 128.293 -55.0798 -66.9314 -94.9342 -105.868 
</y>
<z>
695.225 770.096 1348.55 1429.24 2146.75 -83.6877 -113.526 -159.102 -153.127 
</z>
</Segment>

<TauJet count="2" storeGateKey="AtlfastTauJet1p3pContainer">

<author>
atlfast atlfast 
</author>
<charge>
1 1 
</charge>
<clusterIndex>
-1 -1 
</clusterIndex>
<clusterKey>
none none 
</clusterKey>
<emRadius>
0 0 
</emRadius>
<etEMCalib>
0 0 
</etEMCalib>
<etHadCalib>
0 0 
</etHadCalib>
<eta>
1.47952 -0.173952 
</eta>
<isTau>
1 1 
</isTau>
<isolFrac>
0 0 
</isolFrac>
<logLhRatio>
0 0 
</logLhRatio>
<numTracks>
1 1 
</numTracks>
<phi>
2.99219 -0.0928071 
</phi>
<pt>
34.4423 32.8157 
</pt>
<stripWidth>
0 0 
</stripWidth>
<trackIndex>
-1 -1 
</trackIndex>
<trackKey>
none none 
</trackKey>
<trackLinkCount>
-1 -1 
</trackLinkCount>
</TauJet>

<Track count="35" storeGateKey="TrackParticleCandidate">

<chi2>
32.3539 38.8047 42.7288 46.9431 57.4797 43.9602 51.0295 3.85013 37.9929 41.7509
82.216 38.0921 14.2931 19.3465 43.3984 7.5478 45.69 87.2777 14.5011 91.6936
68.0486 185.604 64.2994 13.1112 17.5555 15.92 9.26641 19.5582 17.013 11.9774
35.1686 17.7907 84.7423 31.9552 146.081 
</chi2>
<cotTheta>
2.45776 -0.851637 1.74495 -2.59003 -1.29705 -2.03215 2.08168 2.72479 -0.174808 -3.10515
-1.67889 -0.456225 3.7748 3.76214 -2.58212 5.53147 -2.67393 -1.96615 4.43987 2.15853
-2.43125 -0.119054 -1.66859 -0.972957 1.84775 3.38405 0.692862 0.777215 1.11186 -0.613992
-1.66659 -0.932081 -2.68412 0.644238 -1.57956 
</cotTheta>
<covMatrix multiple="15">
11.3279 -1.96604 80.159 -2.2304 0.51186 0.448351 0.142533 -15.3263 -0.0513059 2.98401
-2.28696 8.56182 0.683688 -1.58161 15.8037 2.80442 0.0141489 8.27904 -0.575202 0.008621
0.120635 0.0158187 -1.37968 -0.00547238 0.249434 -0.539729 0.915572 0.171571 -0.170601 4.32534
4.26149 -0.221496 21.2542 -0.938734 0.00670016 0.212403 -0.0391636 -4.29798 0.0175991 0.913197
-1.41106 -2.89436 0.472981 0.651299 12.5201 8.73329 4.28443 47.9727 -1.73155 -0.759565
0.353319 -0.378702 -9.68638 0.0552991 2.02641 -2.14914 4.16203 0.727493 -1.04715 20.4755
3.15862 -0.0895569 13.5673 -0.643021 -0.0035936 0.134142 -0.0213352 -2.2993 0.00835265 0.424432
-0.6618 -1.44689 0.205971 0.278438 5.04504 2.41781 0.317009 16.2311 -0.494894 -0.0845034
0.103945 -0.016253 -2.93817 0.00662137 0.564268 -0.603656 -1.31374 0.187559 0.232915 4.55126
0.0110362 0.00571516 0.990693 -0.00148824 -0.00060861 0.000226882 -0.000734273 -0.0939466 9.19457e-05 0.0107952
-0.0024357 -0.00250068 0.000467682 0.000345778 0.00769314 10.7354 1.65209 90.8393 -2.24759 -0.507001
0.482848 -0.157914 -18.2468 0.0638713 3.745 -3.7794 -11.0797 1.19678 2.14636 29.5789
0.0163507 0.00145419 0.845592 -0.00170063 -0.000103227 0.000206922 -0.000232569 -0.0437147 2.1525e-05 0.0038924
-0.00366016 0.000602057 0.000442111 -2.96859e-05 0.00389542 1.90996 0.569298 23.9609 -0.412145 -0.10823
0.0921781 -0.0442887 -4.68633 0.00627498 0.947862 -0.968502 0.750581 0.314683 -0.213552 8.09109
2.22331 -0.211312 11.4921 -0.479621 0.060205 0.105441 0.0145293 -2.18245 -0.0058725 0.441558
-0.351587 1.02616 0.115484 -0.200119 2.93329 1.32806 -0.041373 5.30782 -0.274972 0.0129401
0.0580286 0.00395825 -0.746779 -0.00147629 0.12196 -0.132834 0.267421 0.0429368 -0.0430785 1.08462
9.48083 -0.323689 140.58 -2.12191 0.231289 0.486591 0.157606 -30.2247 -0.0689573 6.61306
-4.66106 11.5151 1.5437 -2.53284 39.6199 11.9695 -0.75162 223.001 -2.66281 0.454421
0.609387 0.26506 -44.0223 -0.115745 9.1318 -6.2184 20.127 2.05687 -4.18477 53.0092
12.4129 -3.02893 96.0899 -2.53209 0.473986 0.526632 -0.156972 -18.9736 0.0630585 3.85661
-2.96881 -8.87131 0.92533 2.05124 22.6757 15.2441 -6.27728 463.242 -2.94212 0.855594
0.581872 -0.115232 -88.6187 0.0832037 17.3081 -3.48444 -14.3153 0.926493 3.24201 19.2634
9.63716 -0.66404 79.8247 -1.96704 0.0328282 0.40875 -0.10552 -15.7951 0.042361 3.18285
-2.24175 -6.82647 0.697414 1.4424 16.9167 6.71131 2.40631 34.9021 -1.34657 -0.553133
0.278341 -0.0747658 -6.51791 0.0264877 1.27597 -1.72325 -5.35974 0.523856 0.892729 12.3559
18.6986 -1.47177 446.81 -2.72017 0.47645 0.431006 0.268213 -61.8451 -0.0743038 9.30222
-2.25197 12.7141 0.480991 -1.91226 8.67223 13.455 -2.10936 79.1086 -2.6536 0.569515
0.534114 0.16103 -14.944 -0.0599613 2.8865 -2.73335 9.97808 0.83367 -1.83482 19.8365
1.15 -0.505025 39.6563 -0.327056 0.182828 0.0989361 0.0826932 -7.94982 -0.0310952 1.64237
-3.23057 4.92632 1.23332 -0.933338 39.1451 16.0505 -0.0974024 21.0032 -1.701 0.0136181
0.199673 -0.0282552 -1.93263 0.00307748 0.210027 -2.31336 -0.16143 0.276797 0.0262129 2.41524
877.237 -1128.29 8017.3 -45.5479 68.1614 2.85478 23.6822 -213.534 -1.47387 8.08264
-114.487 296.214 6.84759 -8.65149 33.5138 8484.31 -5115.11 49361.2 -197.2 268.485
5.78681 75.22 -588.457 -2.56526 14.0778 -222.208 640.917 6.44912 -14.4178 22.9735
3598.7 -8535.14 127908 -88.5223 324.389 2.55463 146.706 -2192.15 -5.16265 53.1459
-131.802 1144.06 4.20178 -26.5648 16.8207 3.84583e+06 -1.24096e+06 945754 -133004 43044.3
4602.68 29750.7 -20279.9 -1030.28 464.177 -421398 137615 14582.3 -3295.42 46251.3
1236.28 -2072.73 33557.2 -32.2399 119.252 1.12791 27.3873 -382.877 -0.916827 7.37316
-50.277 261.046 1.45869 -4.76197 4.84265 186352 1.49714e+06 1.82329e+07 -5485.19 -44309.5
161.867 -23095.2 -190212 682.932 2931.58 -14781.7 -120322 436.33 1854.71 1183.2
1382.16 1839.06 38362.2 -37.1644 -87.7969 1.06181 2.30956 -43.7539 -0.0587506 2.90397
-76.199 -59.2966 2.0559 0.995719 5.48308 1079.94 2337.36 475911 -27.4991 -84.0417
0.710782 -35.2842 -7216.93 1.02873 117.457 -58.5978 -237.712 1.50349 3.67378 3.24859
3493.65 -7734.77 109331 -96.0044 265.073 2.71041 54.0107 -1470.63 -2.51946 41.6184
-205.528 711.801 5.90639 -16.5967 17.9862 853478 -4.40263e+06 3.10325e+07 -24585.9 128357
709.715 67377.5 -394295 -1964.27 6018.71 -66004 348936 1906.59 -5338.94 5138.67
5412.05 -4963.58 73451.2 -151.076 219.971 5.29268 221.181 -1469.88 -7.11035 58.9585
-303.509 905.028 8.96019 -38.8379 37.0395 2245.69 3490.48 125169 -60.8632 -134.013
1.69101 -42.4661 -1916.79 1.49395 33.5108 -137.203 -401.154 3.77705 6.31437 9.2543
8482.67 -1972.91 80746.6 -199.374 193.531 5.78685 134.541 -1029.42 -2.78721 28.7675
-428.498 539.49 10.2793 -18.112 31.1465 
</covMatrix>
<d0>
-0.339418 -0.140719 -0.143617 -0.356106 0.157624 -0.296731 -0.273984 0.270884 0.268099 -0.302929
0.235277 0.218319 -0.0393053 -0.0608709 0.451966 -0.285897 0.128139 -0.852655 -0.084312 -0.361317
0.19229 1.74398 2.30107 -0.300668 0.606992 -1.39965 -0.721706 -0.618266 0.156711 -0.441835
-2.09939 3.50961 1.57147 -0.321838 7.7453 
</d0>
<id>
0 1 2 3 4 5 6 7 8 9
10 11 12 13 14 15 16 17 18 19
20 21 22 23 24 25 26 27 28 29
30 31 32 33 34 
</id>
<numDoF>
46 28 50 45 42 46 48 9 39 35
49 41 13 23 38 11 45 47 11 45
10 17 29 18 26 18 12 15 13 10
20 8 33 13 23 
</numDoF>
<phi0>
2.69334 -2.47892 -2.62137 2.77575 0.245764 2.61774 2.99224 -0.82789 -0.0929201 2.75452
-1.25009 0.161876 -2.14193 -2.38916 -1.17051 2.70481 0.507885 2.49833 1.71955 2.08619
0.142014 1.87483 -2.81406 -1.47992 -1.91012 -0.186029 1.54219 0.0853657 -0.744758 2.29653
-0.956816 0.388076 0.0898464 1.4748 1.40235 
</phi0>
<pt>
-0.658124 0.723072 0.614597 0.622115 -0.737999 -0.949794 -33.187 0.564037 32.4817 1.22018
0.970418 1.08458 -0.643234 -0.539373 -0.632599 0.905171 -0.723526 -0.578321 -1.03766 -0.599544
0.62178 -0.832658 0.571253 0.544575 -0.862372 -0.571517 -0.96426 0.758921 1.67947 -14.8512
1.15454 0.558065 0.647996 2.64632 0.744626 
</pt>
<trackAuthor>
0 0 0 0 0 0 0 0 0 0
0 0 0 0 0 0 0 0 0 0
0 0 0 0 0 0 0 0 0 0
0 0 0 0 0 
</trackAuthor>
<z0>
-0.43428 -0.83236 -0.130475 -0.89136 -0.317917 -0.546357 -0.344888 -0.312157 -0.561304 -0.655226
-0.851681 -0.495784 0.558623 0.547417 -0.119111 -0.448058 0.116638 -1.25196 -1.88775 0.586844
-0.104078 -7.03771 -21.2697 -30.1748 33.9868 -0.117298 85.6613 -0.433332 132.173 -53.5527
-68.1263 2.36373 -1.46173 102.82 -30.2281 
</z0>
</Track>

<Track count="2" storeGateKey="MooreTrackParticles">

<chi2>
75.2233 16.9063 
</chi2>
<cotTheta>
2.06334 -0.163676 
</cotTheta>
<covMatrix multiple="15">
883127 -12668.4 342.998 -65.3736 -0.264678 0.0306411 -21.6831 -0.613432 0.00399949 0.0424481
0.080068 0.180525 0.00772438 -0.00313446 0.0163611 56242.3 -898.672 16.3738 -124.954 2.00806
0.30919 2.37012 -0.0708148 -0.00578593 0.000694933 -0.673574 0.0616214 0.00160119 -0.000927148 0.00663479

</covMatrix>
<d0>
-0 0 
</d0>
<id>
0 1 
</id>
<numDoF>
31 20 
</numDoF>
<phi0>
3.00988 -0.086341 
</phi0>
<pt>
-38.5477 29.1215 
</pt>
<trackAuthor>
0 0 
</trackAuthor>
<z0>
0 0 
</z0>
</Track>

<Track count="2" storeGateKey="MuGirlRefittedTrackParticles">

<chi2>
115.108 812.656 
</chi2>
<cotTheta>
2.08182 -0.174203 
</cotTheta>
<covMatrix multiple="15">
0.0106569 0.00657799 0.898811 -0.00141398 -0.000771181 0.000211854 -0.000738321 -0.0835595 9.5953e-05 0.00960683
-0.00209892 -0.00416416 0.00039912 0.000502493 0.00640971 0.0143575 0.00192269 0.770732 -0.00145438 -0.000171349
0.000175618 -0.000265847 -0.0369701 2.65279e-05 0.00328196 -0.00225971 -0.000283834 0.000272393 4.31535e-05 0.00235426

</covMatrix>
<d0>
-0.274401 0.270895 
</d0>
<id>
0 1 
</id>
<numDoF>
81 61 
</numDoF>
<phi0>
2.99232 -0.0932557 
</phi0>
<pt>
-34.6481 35.9006 
</pt>
<trackAuthor>
0 0 
</trackAuthor>
<z0>
-0.346055 -0.568339 
</z0>
</Track>

<Track count="2" storeGateKey="MuTagIMOTrackParticles">

<chi2>
-9999 -9999 
</chi2>
<cotTheta>
2.08168 -0.174808 
</cotTheta>
<covMatrix multiple="15">
0.0110362 0.00571516 0.990693 -0.00148824 -0.00060861 0.000226882 -0.000734273 -0.0939466 9.19457e-05 0.0107952
-0.0024357 -0.00250068 0.000467682 0.000345778 0.00769314 0.0163507 0.00145419 0.845592 -0.00170063 -0.000103227
0.000206922 -0.000232569 -0.0437147 2.1525e-05 0.0038924 -0.00366016 0.000602057 0.000442111 -2.96859e-05 0.00389542

</covMatrix>
<d0>
-0.273984 0.268099 
</d0>
<id>
0 1 
</id>
<numDoF>
999 999 
</numDoF>
<phi0>
2.99224 -0.0929201 
</phi0>
<pt>
-33.187 32.4817 
</pt>
<trackAuthor>
0 0 
</trackAuthor>
<z0>
-0.344888 -0.561304 
</z0>
</Track>

<Track count="2" storeGateKey="MuidCombTrackParticles">

<chi2>
86.9322 78.9412 
</chi2>
<cotTheta>
2.08146 -0.174149 
</cotTheta>
<covMatrix multiple="15">
0.0108635 0.00667554 0.898266 -0.00144857 -0.000797984 0.000217991 -0.000749305 -0.0835758 9.89911e-05 0.00962143
-0.00221711 -0.00483434 0.000424611 0.000578872 0.00688641 0.0163714 0.00176949 0.786685 -0.00169864 -0.000147705
0.000208834 -0.000252503 -0.0385264 2.42591e-05 0.00344055 -0.00257284 -3.43319e-07 0.000316695 1.48981e-05 0.0028706

</covMatrix>
<d0>
-0.274181 0.267709 
</d0>
<id>
0 1 
</id>
<numDoF>
83 64 
</numDoF>
<phi0>
2.99228 -0.0928717 
</phi0>
<pt>
-33.9981 32.0893 
</pt>
<trackAuthor>
0 0 
</trackAuthor>
<z0>
-0.342861 -0.56865 
</z0>
</Track>

<Track count="2" storeGateKey="MuidExtrTrackParticles">

<chi2>
31.6718 16.1888 
</chi2>
<cotTheta>
2.06847 -0.165288 
</cotTheta>
<covMatrix multiple="15">
19778.2 1717.42 65705.4 -62.0931 -2.37114 0.22858 -2.18035 -259.431 0.00282378 1.0702
-3.77665 1.98104 0.0114358 -0.00550435 0.0225343 249212 -2488.77 29288.2 -347.567 2.84118
0.614724 3.75395 -92.539 -0.0043595 0.314695 -0.611887 0.672825 0.000129856 -0.00145353 0.00767315

</covMatrix>
<d0>
-1.6691 -9.09171 
</d0>
<id>
0 1 
</id>
<numDoF>
30 20 
</numDoF>
<phi0>
2.99744 -0.0679116 
</phi0>
<pt>
-37.3163 31.8392 
</pt>
<trackAuthor>
0 0 
</trackAuthor>
<z0>
2.47069 -2.0582 
</z0>
</Track>

<Track count="2" storeGateKey="MuonboyMuonSpectroOnlyTrackParticles">

<chi2>
40.9403 63.5659 
</chi2>
<cotTheta>
-0.16346 2.06893 
</cotTheta>
<covMatrix multiple="15">
5188.43 -86.5843 3.61371 -11.0467 0.183774 0.0281866 0.256832 -0.0349141 -0.000615093 0.000495757
0.0458189 0.0770967 -0.000104769 -0.00120135 0.00711522 2565.71 684.386 213.42 -6.76165 -1.5549
0.0382937 -1.8671 -1.39076 0.00280399 0.0654116 0.319937 0.613748 0.00648469 -0.0102893 0.0170058

</covMatrix>
<d0>
0 0 
</d0>
<id>
0 1 
</id>
<numDoF>
28 38 
</numDoF>
<phi0>
-0.0968664 3.0136 
</phi0>
<pt>
29.0302 -35.1715 
</pt>
<trackAuthor>
0 0 
</trackAuthor>
<z0>
-72.2438 675 
</z0>
</Track>

<Track count="2" storeGateKey="MuonboyTrackParticles">

<chi2>
40.9403 63.5659 
</chi2>
<cotTheta>
-0.165126 2.06943 
</cotTheta>
<covMatrix multiple="15">
41510.5 -113.278 23852.6 -96.8881 0.328925 0.298108 0.227077 -78.6536 -0.00134495 0.279479
-0.0292801 0.99742 0.00433401 -0.00271844 0.00678347 21971 1442.28 65911.1 -65.3025 3.30107
0.239417 1.93041 -261.758 -0.0230098 1.08473 -1.90259 6.46251 0.01278 -0.0210244 0.0151212

</covMatrix>
<d0>
-1.15532 -3.51486 
</d0>
<id>
0 1 
</id>
<numDoF>
28 38 
</numDoF>
<phi0>
-0.0768114 3.00188 
</phi0>
<pt>
31.8719 -36.6286 
</pt>
<trackAuthor>
0 0 
</trackAuthor>
<z0>
-2.16913 1.97225 
</z0>
</Track>

<Track count="2" storeGateKey="StacoTrackParticles">

<chi2>
123.945 111.654 
</chi2>
<cotTheta>
2.08125 -0.174095 
</cotTheta>
<covMatrix multiple="15">
0.0107563 0.00561896 0.827126 -0.00143535 -0.000648601 0.000216798 -0.000716881 -0.0750016 9.53832e-05 0.00860084
-0.00161783 -0.00370572 0.000307301 0.000466094 0.00490236 0.0150936 0.00157675 0.775145 -0.0015488 -0.000128853
0.000188582 -0.000235491 -0.0372578 2.28701e-05 0.00330051 -0.00232347 -2.7253e-05 0.000280628 1.91737e-05 0.00244515

</covMatrix>
<d0>
-0.274226 0.267857 
</d0>
<id>
0 1 
</id>
<numDoF>
91 72 
</numDoF>
<phi0>
2.99229 -0.0928916 
</phi0>
<pt>
-34.203 32.5185 
</pt>
<trackAuthor>
0 0 
</trackAuthor>
<z0>
-0.341124 -0.569098 
</z0>
</Track>

<Track count="2" storeGateKey="Tracks">

<barcode>
0 0 
</barcode>
<chi2>
51.0295 37.9929 
</chi2>
<cotTheta>
2.08168 -0.174808 
</cotTheta>
<covMatrix multiple="15">
0.0110362 0.00571516 0.990693 -0.00148824 -0.00060861 0.000226882 -0.000734273 -0.0939466 9.19457e-05 0.0107952
-0.0024357 -0.00250068 0.000467682 0.000345778 0.00769314 0.0163507 0.00145419 0.845592 -0.00170063 -0.000103227
0.000206922 -0.000232569 -0.0437147 2.1525e-05 0.0038924 -0.00366016 0.000602057 0.000442111 -2.96859e-05 0.00389542

</covMatrix>
<d0>
-0.273984 0.268099 
</d0>
<driftSign multiple="45.5">
0 0 0 0 0 0 0 0 0 0
0 1 -1 1 -1 1 -1 1 -1 1
-1 1 -1 1 -1 -1 1 -1 1 1
-1 1 -1 -1 1 -1 1 -1 -1 1
-1 -1 1 -1 1 -1 -1 -1 1 -1
0 0 0 0 0 0 0 0 0 0
0 1 -1 1 -1 -1 1 1 1 -1
1 1 -1 -1 1 -1 -1 1 1 -1
1 1 1 1 -1 1 -1 1 -1 -1
1 
</driftSign>
<hits multiple="45.5">
2706447901 2857541689 3004487506 168289618 168288619 201964555 201963544 204255530 204256527 206352682
206353719 384932032 384934080 384935104 384936160 384937184 384939200 384940224 384958656 384959680
384960736 384961760 384963776 384964800 384966848 384968928 384969952 384971968 384972992 384991424
384993504 384994528 384996544 384998624 384999616 385001696 385002720 385004736 385006816 385024192
385026272 385028288 385029312 385031392 385059040 385061056 385062080 385064160 385091808 385093824
2685165348 2819364117 3060557830 168799801 168798772 171158986 171157964 173518199 173517183 175877379
175876369 301999232 302002368 302003392 302006528 302008576 302022912 302024960 302026976 302030016
302032032 302037088 302040128 302042144 302044160 302045184 302056448 302057472 302059552 302060608
302061632 302063712 302065792 302067872 302069952 302072032 302074112 302076192 302078272 302082432
302085504 
</hits>
<id>
0 1 
</id>
<isOutlier multiple="45.5">
0 0 0 0 0 0 0 0 0 0
0 0 0 0 0 0 0 0 0 0
0 0 0 0 0 0 0 0 0 0
0 0 0 0 0 0 0 0 0 0
0 0 0 0 0 0 0 0 0 0
0 0 0 0 0 0 0 0 0 0
0 0 0 0 0 0 0 0 0 0
0 0 0 0 0 0 0 0 0 0
0 0 0 0 0 0 0 0 0 0
0 
</isOutlier>
<numDoF>
48 39 
</numDoF>
<numHits>
50 41 
</numHits>
<numPolyline>
2 2 
</numPolyline>
<phi0>
2.99224 -0.0929201 
</phi0>
<polylineX multiple="2">
-5.16766 -97.8482 4.93699 106.129 
</polylineX>
<polylineY multiple="2">
1.05214 14.0682 -0.193039 -10.7366 
</polylineY>
<polylineZ multiple="2">
10.6187 205.448 -1.42374 -19.2093 
</polylineZ>
<pt>
-33.187 32.4817 
</pt>
<trackAuthor>
5 5 
</trackAuthor>
<z0>
-0.344888 -0.561304 
</z0>
</Track>

<CompositeParticle count="4" storeGateKey="SpclMC">

<dataType>
4 4 4 4 
</dataType>
<eta>
1.47954 -0.173952 1.47952 -0.173952 
</eta>
<label>
Muon Muon Muon Muon 
</label>
<pdgId>
13 -13 13 -13 
</pdgId>
<phi>
2.99218 -0.0928071 2.99219 -0.0928071 
</phi>
<pt>
34.0296 32.5527 34.0261 32.5527 
</pt>
<typeEV>
Muon Muon Muon Muon 
</typeEV>
</CompositeParticle>

<STr count="717" storeGateKey="GEN_AOD">

<code>
13 -13 13 -13 211 -211 321 -321 321 -211
321 211 -211 -211 211 -211 -211 -3122 321 -211
321 -211 2212 -2112 -211 211 -321 211 -211 211
-321 321 -211 211 -211 211 -211 -2112 2212 -211
211 2112 211 -321 -3122 22 22 22 -321 211
310 211 130 -321 211 130 -321 211 211 -211
2212 -211 -211 211 211 -211 -321 211 321 -321
130 -321 211 -211 130 211 2112 -211 211 -211
22 22 130 211 -321 211 -211 -211 211 22
211 211 -211 -211 -211 211 -2112 -211 211 2212
22 22 22 22 211 211 -211 211 -211 211
211 211 -211 22 22 22 -211 211 130 3122
-211 211 130 310 22 22 211 -211 -2112 211
22 2112 -211 211 -211 321 -211 -211 22 22
211 -211 -211 211 -211 211 -321 211 22 22
-211 211 22 22 211 22 22 22 22 -211
211 -211 130 -211 321 310 22 22 22 22
22 22 -211 22 22 211 22 211 -211 130
-211 211 -211 -211 211 -321 321 22 22 211
-211 -211 211 22 22 22 22 22 22 22
22 22 22 22 22 22 310 22 22 22
22 22 130 22 22 22 22 22 22 22
22 22 22 22 22 22 22 22 22 22
22 22 22 22 22 22 211 -211 22 22
22 22 22 22 22 22 22 22 22 22
22 22 22 22 310 22 22 22 22 22
22 130 22 22 22 22 22 22 22 22
22 22 22 22 22 22 22 22 211 -211
22 22 22 22 22 22 22 22 22 22
22 -11 11 -11 11 22 -11 11 -11 11
-11 11 111 111 -11 11 111 22 22 -11
11 -11 11 -11 11 111 22 22 -11 11
-11 11 -11 11 -11 11 -11 11 -11 11
-11 11 -11 11 -11 11 211 -211 -11 11
22 -11 11 -11 11 -11 11 -11 11 -11
11 -11 11 1000040090 -13 14 -11 11 1000040080 1000020040
22 22 22 2212 2112 -211 2212 -211 2212 1000020040
1000020040 22 22 22 2112 111 1000130270 1000200410 1000010020 22
2112 2212 2112 2212 2212 2212 2112 2112 2212 2212
2112 2212 2212 2112 2112 111 22 22 -11 11
22 22 -11 11 -11 11 211 -211 211 -211
-11 11 -211 -211 211 111 2112 22 22 321
2112 2212 -211 211 -211 111 111 2212 1000040080 1000020030
22 211 321 -211 2112 2112 2212 211 2112 2212
2112 111 111 211 -211 111 22 22 -11 11
-11 11 2212 1000010020 1000010020 1000010020 2112 2112 -211 211
-211 211 1000060120 22 22 111 211 -11 11 1000070150
1000020040 22 22 2212 2112 22 2112 2212 2112 111
2212 211 2112 2212 1000060120 2112 2212 2112 2112 2212
2112 2112 2212 211 2112 -211 -11 11 1000070140 22
22 2212 2112 2212 2212 2212 -211 111 211 -211
22 22 1000060110 22 22 22 22 2212 211 -211
2212 -211 -3122 211 1000280560 22 22 22 2112 111
111 211 2112 22 22 1000050110 22 22 22 22
111 211 2212 2212 2112 2112 2112 2212 2112 2212
2212 2112 2112 2112 2112 -211 211 2112 2212 2212
2212 211 130 13 -14 1000060120 1000020040 1000020040 1000020040 22
22 22 2112 3122 2212 -211 -11 11 -2212 211
1000060120 1000120240 22 22 22 2112 3122 2112 2112 321
310 111 111 1000020040 1000010030 22 2212 211 -211 -211
2112 1000020030 1000020040 22 22 2112 2112 2212 2212 2112
211 -211 2112 1000060120 1000010020 1000020040 2212 22 2112 2212
2112 2112 2112 2212 2112 2112 2212 1000180380 2212 22
22 2112 2212 22 22 2212 2112 2212 2112 2212
2212 2112 2112 2112 2112 2112 2112 2212 2212 2112
2112 2212 2112 2112 2112 2112 2212 2212 2112 211
111 111 22 22 1000020040 1000020040 1000020040 22 22 211
1000080150 22 22 22 111 2112 -211 13 -14 211
2212 111 -211 2112 111 111 -211 211 111 111
111 2112 22 22 1000100200 1000010020 22 22 2112 2112
2112 -211 2112 211 2212 2212 -211 -2112 111 -211
-211 -11 11 2112 -11 11 -2212 
</code>
<eta>
1.47954 -0.173952 1.47952 -0.173952 -0.11087 -1.70977 -0.775093 -1.43706 5.83935 7.29697
-2.42083 -8.04443 -3.73403 1.21711 0.0368302 -2.69852 -1.45463 6.34071 5.38086 2.03704
-0.440254 2.78275 5.65371 5.03899 3.03092 4.04553 3.54982 1.55924 1.62771 0.912044
2.69002 3.94402 3.36276 3.42309 2.51098 5.34751 4.61315 5.26586 6.7901 -2.88032
-2.89972 -4.20207 -2.56931 -2.4945 -1.4928 -1.165 -0.703375 -1.11411 1.63761 0.413372
-0.0123983 1.32307 2.88027 2.04072 2.08213 2.30073 2.25371 1.7298 6.90065 7.74906
6.94032 6.63594 6.08021 6.78011 3.87219 2.89751 -1.07736 -0.222722 -0.2209 0.938476
-1.99984 -3.56244 -3.80529 -4.02112 -3.65887 -5.64869 -8.48098 -7.78007 -7.28113 -6.29452
-4.00814 -4.43244 -5.59046 -4.79094 -5.51525 -4.4253 -3.28754 -1.87546 -1.43493 -0.920327
0.631627 2.6084 2.19463 3.46433 2.25306 5.7872 2.34088 2.75217 -0.398506 -2.5325
-2.00299 -0.914781 -1.34357 -1.49362 -2.32621 -1.84693 -2.94797 -2.94389 -1.96277 -5.01099
-1.28454 -1.12711 -1.61132 -2.36815 -2.01431 6.18165 6.57308 6.54675 6.27719 6.21598
4.95406 4.11846 2.35841 -1.77875 0.379186 -0.607652 -0.800028 -0.839825 -1.17559 1.01493
-2.65458 -0.332687 0.807198 -0.610071 -0.301674 -1.62649 0.17807 -0.120256 -0.261888 -0.533385
2.45937 1.11167 3.37236 4.14238 4.85881 3.31342 4.49052 5.93284 3.57575 3.54026
3.5523 4.56352 6.23039 4.26533 3.30987 3.42539 2.78773 4.58513 4.41861 5.08491
5.6569 5.82467 5.05549 3.6705 3.66411 2.5967 2.34502 3.32164 3.14049 3.51865
4.36363 5.15083 4.64455 1.57391 4.59623 4.17635 1.81459 1.9667 1.5134 1.70461
2.46825 2.40903 -0.42576 1.38254 2.74148 1.99023 2.98592 3.56265 2.87347 1.93166
4.12488 3.8766 4.72254 6.6 6.12736 -3.7481 -3.39197 -1.33241 -1.74025 -2.7997
-2.52726 -0.207992 0.784894 6.70143 6.15683 6.99175 7.37444 6.27073 3.27761 3.38799
4.47074 -3.05802 -4.8204 -4.97904 -6.11809 -6.68646 -6.3874 -0.0993056 -0.924246 0.638214
2.88244 2.77306 3.22887 3.41019 0.301104 0.564071 -0.83891 0.340115 -3.50263 -1.00608
-0.873002 -2.43769 -1.85069 6.55599 7.49401 3.86305 -0.397357 -0.970769 0.655216 0.463049
0.830283 2.43652 4.29722 4.20135 4.06894 4.03934 5.01339 4.1957 3.08139 3.8029
4.49454 4.79866 6.17001 6.52927 3.99585 4.43989 3.04772 2.40165 1.78622 6.65405
4.47192 3.3936 0.859785 0.696729 0.460103 1.03636 1.86458 2.23806 1.22818 0.590605
0.347836 2.34338 4.28516 2.30245 2.68672 3.12583 3.03074 3.22014 4.28402 3.57154
1.96196 2.73712 1.67484 1.96011 6.42256 6.57837 -1.98697 3.09518 2.09891 5.29805
3.03946 3.25943 3.21141 3.02906 3.04201 3.02463 2.68545 2.69111 1.85917 1.86984
0.859774 0.859849 5.09085 4.99785 2.4016 2.40198 2.18455 2.80696 2.20132 3.56801
3.5896 5.57442 5.546 4.04001 4.03695 3.14181 2.41205 1.93039 2.43698 2.43639
3.60646 3.69498 5.20077 5.19082 3.98436 4.08236 -3.93333 -3.46133 -3.51599 -3.49072
2.77414 2.77152 2.87019 2.89638 0.926165 0.908956 -4.66865 -4.55523 -3.05299 -3.04878
-3.05658 -3.05967 -3.05436 5.60701 5.59624 -2.78243 -2.80331 -3.37895 -3.36157 -5.15957
-5.36505 -3.74651 -3.74843 -0.00230037 4.18282 2.18031 2.83463 2.87402 -0.383009 0.292889
-0.561561 0.671795 -0.816074 0.721333 -0.11343 0.903566 0.663146 -1.11383 1.43491 -0.0300561
-0.798543 0.410697 -0.0193234 -0.287374 1.43917 1.89897 -0.149192 0.726808 0.247552 0.864043
0.826753 -1.01386 0.740311 -0.0227935 0.470754 0.645941 -0.582152 -0.0496834 0.40999 -0.147272
0.339636 0.859155 -0.31576 -0.22097 0.54508 -0.0605737 1.14207 1.09316 1.14231 1.14186
1.14447 1.13176 1.13079 1.13216 1.81632 1.70454 1.95433 3.05406 1.91538 2.19533
2.79206 2.77234 2.18193 1.55303 2.09854 3.18479 0.639695 2.63499 1.9588 1.83144
0.419194 0.991623 1.01603 1.78801 1.28778 1.88712 1.62467 1.49046 -0.7482 0.0600969
0.507548 0.848043 1.47426 0.150597 1.75218 -1.28721 0.150851 0.456349 0.486506 0.637503
0.91665 1.60997 2.40295 0.614969 2.09645 0.374583 -0.472986 -0.176646 -0.474441 -0.464329
-2.65971 -2.64817 -0.316698 0.459376 0.703614 0.673917 -0.600839 1.22068 0.257175 -1.23656
0.397399 -0.680791 -0.324153 0.0345819 -0.0025737 0.0556085 -1.63093 -0.606766 -0.607945 1.0986
1.32327 0.894393 0.591493 0.226433 -1.76414 -0.95978 -0.990248 -0.715084 -0.347147 -0.944491
-0.0937047 -0.595771 0.353649 -1.2708 0.0400014 1.14432 -0.464176 -0.502103 -0.230201 -0.912016
-0.398798 -0.496952 -0.764498 1.24201 -1.68565 0.582464 -1.48969 -1.51046 -1.18248 -1.0354
-0.290667 0.0305451 -0.652928 -1.33968 0.11295 -0.942936 0.447528 1.35789 -0.0765755 1.7253
1.0486 1.47788 1.89547 0.273832 0.286794 0.208075 -1.6042 -1.58437 2.19443 1.38814
-1.61977 -1.12354 -5.81392 -3.39697 0.50619 1.84882 0.0254312 1.03893 -0.17821 0.0783944
2.25215 2.57065 2.36011 0.0914706 -0.00872602 -0.25804 -0.694493 -1.54078 -0.166321 0.689746
-1.03811 0.184943 1.84818 -0.831117 0.845991 0.819328 -0.234782 -0.443116 0.314203 -0.412103
-0.364665 0.306243 -1.0436 -1.04001 0.638283 0.324991 -0.203786 0.230926 1.66128 1.76714
1.43591 1.38207 2.00959 2.05174 1.05063 -0.296882 -0.256452 0.580615 0.24734 0.800439
0.189631 -0.33084 -0.0367346 1.4289 1.13992 0.463925 -0.701084 -0.708366 -1.42702 -1.50374
-0.549853 -1.25015 -0.392497 -1.38154 -0.353587 -0.0694867 -0.400531 -0.362903 -0.0177745 -2.5347
-1.60151 -2.11168 -0.991861 0.234772 -0.188255 0.577702 1.11338 -0.700438 -0.770827 -1.4402
-2.77997 0.338981 -0.224185 -0.82522 2.67754 0.738398 -2.4508 0.249346 -0.948771 -2.69114
-1.99491 -1.08761 -1.1967 -0.441454 -0.378624 -0.46915 0.468657 -0.901414 -0.375213 0.371635
0.545682 -0.55386 -0.766153 0.953425 0.518433 -0.188798 -1.52959 -0.76069 -0.962034 -0.034333
0.998002 -0.93616 0.273187 -1.01388 1.81168 -0.624712 -0.0326288 0.425737 0.218924 -0.730927
-0.0760985 0.311079 -1.32084 -0.9317 0.138749 0.155916 -0.414299 2.46057 -0.959968 -0.181059
0.687998 0.988069 -1.57873 -0.11398 0.0415975 -2.18515 -1.43777 -1.42259 0.258717 -0.975698
-0.0118707 -1.93444 -1.95342 -1.49496 -0.352297 0.437119 0.537074 0.17403 1.07244 0.580007
0.76342 -1.56949 2.23626 1.13474 -0.650914 1.80353 1.4741 3.04052 4.2825 2.92504
0.343864 1.98865 1.77311 1.23005 1.30892 0.574377 3.24102 1.89694 2.87471 2.74987
1.88665 1.2579 2.3556 1.76056 -0.356572 -0.664815 0.644576 1.81077 0.461906 3.31107
0.668579 0.0751555 0.18002 0.787835 1.96468 -1.67983 -2.20102 -2.6493 -2.53667 -3.16797
4.60285 3.02152 -3.05536 1.49983 1.144 1.12975 -1.23833 
</eta>
<id>
8 9 11 12 95 96 107 110 120 122
128 133 140 146 147 157 160 169 170 173
187 200 205 206 214 218 222 229 230 231
240 241 243 244 245 246 247 249 250 251
253 255 258 259 261 262 263 264 265 266
267 268 270 271 272 273 274 275 276 277
279 282 283 284 286 287 289 290 291 292
293 294 295 296 298 300 301 302 303 305
307 308 309 311 312 313 315 316 317 320
321 323 324 326 328 329 330 331 332 334
336 337 338 339 340 342 343 344 346 347
348 350 351 353 354 355 357 358 359 360
362 363 365 366 367 368 369 370 371 372
373 375 376 377 378 379 380 382 384 385
387 388 392 393 395 397 401 402 403 404
405 406 408 409 410 412 413 414 415 416
418 419 421 426 427 429 430 431 432 433
434 435 436 438 439 441 442 443 444 447
448 449 450 452 454 456 458 460 461 465
466 468 470 472 473 474 475 478 479 480
481 482 483 484 485 487 488 489 490 491
492 493 495 496 497 498 499 501 502 503
505 506 507 508 509 510 511 512 513 515
516 517 518 519 520 524 525 526 527 528
529 530 532 533 534 535 536 538 539 540
541 542 544 545 546 547 548 550 551 552
553 555 556 557 558 559 560 561 562 563
564 565 566 567 568 569 570 571 572 573
575 576 10001 10002 10003 10004 10005 10006 10007 10008
10009 200001 200002 200003 200004 200005 200007 200008 200009 200010
200011 200012 200013 200014 200098 200099 200102 200108 200109 200117
200118 200119 200120 200254 200255 200258 200259 200260 200266 200267
200270 200271 200273 200274 200283 200284 200287 200288 200289 200290
200295 200296 200300 200301 200302 200303 200304 200305 200306 200307
200310 200311 200312 200314 200315 200396 200397 200399 200400 200401
200402 200411 200412 200415 200416 200417 200418 200419 200423 200424
200425 200426 200427 200428 200429 200430 200431 200432 200433 200434
200435 200436 200437 200438 200439 200441 200443 200444 200445 200446
200447 200448 200449 200450 200451 200452 200453 200454 200455 200456
200457 200458 200459 200460 200461 200462 200465 200466 200467 200468
200469 200470 200471 200472 200473 200474 200475 200476 200477 200478
200479 200480 200484 200485 200486 200487 200489 200492 200493 200494
200495 200496 200497 200498 200499 200500 200501 200502 200503 200504
200505 200506 200507 200508 200509 200510 200511 200512 200513 200514
200515 200516 200517 200522 200523 200524 200526 200527 200528 200529
200530 200531 200533 200534 200535 200536 200537 200538 200539 200540
200541 200542 200543 200544 200545 200546 200547 200548 200549 200550
200551 200552 200553 200554 200555 200556 200557 200558 200559 200560
200561 200562 200563 200564 200565 200566 200567 200568 200569 200570
200571 200572 200573 200574 200575 200576 200577 200578 200579 200580
200581 200582 200583 200584 200585 200586 200587 200588 200589 200590
200591 200592 200593 200594 200595 200596 200597 200598 200599 200600
200601 200602 200603 200604 200607 200608 200609 200610 200611 200612
200613 200614 200615 200616 200617 200620 200621 200622 200623 200624
200625 200626 200627 200628 200629 200630 200631 200632 200633 200634
200635 200636 200637 200638 200639 200640 200641 200642 200643 200644
200645 200646 200647 200648 200649 200650 200651 200652 200653 200654
200655 200656 200657 200658 200659 200660 200661 200662 200663 200664
200665 200666 200667 200668 200669 200670 200671 200672 200673 200674
200675 200676 200677 200680 200681 200682 200683 200684 200685 200686
200687 200688 200689 200690 200691 200692 200693 200694 200695 200696
200697 200698 200699 200700 200701 200702 200703 200704 200705 200706
200707 200708 200709 200710 200711 200712 200713 200714 200715 200716
200717 200718 200719 200720 200721 200722 200723 200724 200725 200726
200727 200728 200729 200730 200731 200732 200733 200734 200735 200736
200737 200738 200739 200740 200741 200742 200743 200744 200745 200746
200747 200748 200749 200750 200751 200752 200753 200754 200755 200756
200757 200758 200759 200760 200761 200762 200763 200764 200765 200766
200767 200768 200769 200770 200771 200772 200773 200774 200775 200776
200777 200778 200779 200780 200783 200784 200785 200786 200787 200788
200789 200790 200791 200792 200793 200794 200795 200796 200797 1000343
1000471 1200003 1200307 1200439 1200467 1200468 1200663 
</id>
<phi>
2.99218 6.19038 2.99219 6.19038 4.04576 0.504797 3.8006 0.712329 6.02191 3.59577
3.84328 6.2275 1.46686 3.90167 6.17863 1.55913 2.61706 1.21004 4.37956 3.8957
0.158685 1.85463 6.1454 5.09755 5.15807 1.97599 6.17689 0.0816853 2.07865 6.0978
4.60779 3.72654 3.15408 4.32566 0.0604648 3.89277 3.06301 3.81836 2.60725 6.0402
0.410295 3.07148 5.82343 1.90636 2.40666 0.251428 2.02609 1.94217 2.68369 3.38904
4.69675 3.66404 4.31936 4.13223 2.35012 4.27599 1.46719 5.454 0.505341 3.52478
1.39606 2.55301 2.69815 5.20482 3.22737 1.25544 0.240411 1.61362 1.65531 2.1666
0.721469 0.260876 4.45786 1.39892 0.0785014 2.77523 4.27498 3.09848 5.73992 0.664461
3.93614 3.07059 5.6922 5.747 2.24554 5.39487 1.7802 1.18443 3.61399 0.44982
3.97539 4.87084 4.83034 2.34462 3.91972 0.336001 0.496251 5.11183 5.02373 4.15728
2.20468 1.20866 2.73307 3.42226 3.4682 2.75201 3.47174 4.62474 3.9832 4.08818
5.03733 4.94286 5.15225 2.44012 2.60688 0.281524 2.17228 0.0904369 6.24334 0.542222
4.39167 0.530771 1.71305 3.51645 5.90235 5.01655 3.76273 1.07317 1.3698 4.78757
2.78905 1.29091 1.4123 2.38144 0.42355 1.96909 3.79928 6.10606 2.0504 4.69216
1.13277 3.77421 2.91533 2.26729 2.68888 0.195072 0.857059 2.69176 4.18661 3.03726
6.17394 5.15775 4.51569 4.6718 0.22442 6.06529 5.93057 4.70584 4.86656 0.421695
4.56105 5.53111 2.24626 3.08282 1.33815 2.94756 3.15775 3.67871 2.33263 2.06546
4.90543 6.24892 0.0298745 4.6572 5.05541 1.79712 3.8883 5.58487 0.243036 5.06203
0.701463 2.70717 1.16992 1.13077 1.35705 6.16257 4.80048 1.70619 1.72 6.05743
0.311756 0.838682 2.14807 3.95069 4.22198 0.413396 0.370391 5.44008 1.25862 3.98848
2.87489 0.957578 1.83621 3.72878 2.85775 3.16048 0.329163 4.44405 2.54292 0.664623
4.67436 1.8992 3.17692 2.45698 1.75985 2.43776 4.01225 3.66176 2.80446 1.47411
5.52081 6.05392 3.62666 4.17406 3.55315 3.41728 2.73926 4.32738 0.53371 2.22296
3.87896 4.95321 3.80017 2.03562 1.5821 2.23697 0.199935 3.73442 3.90515 2.19661
1.85374 2.99934 0.81952 0.577128 4.87786 4.54396 1.07128 0.593755 0.0894476 5.15187
3.26759 4.35768 4.999 3.1258 4.98499 4.62152 0.740041 2.73675 4.19957 2.06652
3.75632 6.02636 5.04743 3.21316 1.83542 3.68369 3.28424 2.83029 5.22111 2.82704
3.78884 2.30777 3.5556 5.11769 4.63454 4.07157 3.77013 4.46904 4.79194 0.172719
4.06003 0.721402 2.90337 5.50252 3.57868 1.37768 4.26158 0.945686 1.52246 2.75095
0.109929 4.4832 4.46597 3.77249 3.75399 3.77169 4.63752 4.62406 3.28731 3.28124
5.04684 5.05134 5.9384 2.03877 2.73588 2.7421 2.59734 3.77575 4.00967 4.33878
4.39189 6.06809 6.06811 4.54456 4.54185 1.7561 5.38254 4.05348 3.00036 2.99907
0.696059 4.0048 3.88995 3.88939 3.57169 3.34219 1.71569 1.89411 0.532939 0.534387
6.05525 6.05202 5.51686 5.52537 1.78169 1.78851 4.38104 2.61582 2.32631 2.32779
2.48453 1.90094 1.89536 3.31878 3.30983 3.98585 3.98904 4.80659 4.79894 1.54595
1.42305 0.414293 0.413212 3.20795 2.40531 4.24885 1.52968 1.72526 4.11733 6.10246
2.93082 6.0972 0.594673 2.23155 5.19666 0.95633 2.63764 0.0563182 2.59371 5.55176
3.61716 0.0727179 6.12677 0.37539 4.37146 4.2965 5.54142 0.454522 0.972368 1.05511
4.47685 4.3455 2.45667 6.00085 1.88285 4.89037 0.364591 4.54203 2.64769 5.55337
3.11129 1.48984 4.42496 4.95058 2.3079 2.76871 1.39476 1.09612 1.39751 1.39235
0.753451 1.48887 1.48637 1.48988 3.89025 3.77699 3.20578 2.5635 2.04326 1.73445
5.93045 5.93099 5.53336 6.24619 4.67455 2.76703 0.669551 3.49137 0.736578 2.7254
0.300489 5.61918 1.7361 4.56908 2.96003 3.45015 1.82595 5.88042 6.1824 3.33688
0.940259 5.53825 0.998724 3.83476 2.52493 2.21802 3.80385 1.39121 4.75843 4.81736
0.0546967 1.64861 5.17216 5.85751 4.26984 6.17539 5.4523 5.5488 5.4524 5.45165
2.79206 2.78532 1.69232 3.00778 0.0598258 5.9301 0.554124 2.86934 4.51677 1.62155
1.50243 0.531916 1.33325 1.70387 2.42732 5.38175 1.36725 5.01707 5.01637 3.6004
0.959797 4.27367 3.91647 2.85487 3.34343 2.47062 5.32816 0.552606 0.768656 5.88019
6.18242 2.90688 2.91262 3.66451 3.047 2.57761 0.42531 3.81159 5.01238 1.53834
0.923421 3.13586 0.140661 1.62541 3.17362 5.94909 3.42543 3.4085 1.44822 5.19435
4.79186 4.54026 2.70721 5.52466 1.00208 2.33869 4.25066 2.06795 1.29038 2.13977
2.07875 2.06293 0.83258 3.35414 5.46719 5.56588 6.02526 5.04622 1.0451 4.35854
0.132961 5.49787 0.287391 4.41719 4.42996 4.45074 5.76963 0.220167 0.710391 4.21522
0.279767 1.90304 1.60315 4.2863 3.7761 0.259884 2.27762 4.07182 3.54071 3.53399
0.812032 5.44792 4.05996 5.33947 0.705789 1.95442 5.72925 3.25236 5.71317 3.49597
1.08158 3.48487 5.63657 5.93727 5.01058 4.22115 3.48753 0.701368 2.5487 2.1181
4.34193 4.58446 2.29737 4.34971 5.88005 5.26036 4.19857 5.36232 4.15491 2.45756
3.68274 2.91763 2.49274 1.4579 5.37901 2.7298 2.02704 2.02399 2.55165 1.64769
6.12279 1.52437 5.63952 2.65305 3.16045 5.02781 5.91499 3.04644 4.40149 0.666283
1.83886 2.07273 1.68149 2.07944 0.329437 1.82835 3.51465 5.12045 2.94236 6.08436
2.79383 0.489033 1.28682 5.76 3.82513 0.806219 1.26644 5.89496 3.34275 1.38542
4.43998 5.48528 2.80352 2.56264 2.89375 2.77218 3.39234 0.534569 4.58298 5.78942
0.468471 3.88461 6.24975 3.51957 1.68487 5.52805 2.54698 1.20058 1.91828 0.0768359
1.97757 4.58588 1.69578 5.50103 0.00380715 5.51365 1.79574 0.473308 0.603624 0.101321
2.47734 4.85204 6.27763 5.48993 2.32398 0.899751 0.858423 4.22573 4.52722 3.42948
4.23146 4.58516 2.82472 1.93838 2.23482 1.48787 1.7286 0.457825 3.51655 5.76578
0.192875 5.3229 5.33321 5.13747 2.95737 5.97679 4.23031 4.54606 0.350174 0.087731
4.10005 5.68243 3.28184 3.32436 3.08109 1.14633 2.16362 6.17729 0.206504 1.24608
3.01375 5.81043 1.47353 1.45012 4.06957 6.2831 4.1498 5.57798 2.45856 0.452316
6.15464 1.76924 6.0398 5.71255 0.643693 2.16227 2.43705 2.04186 4.22679 5.92417
2.47126 3.66064 4.99485 1.22796 3.83437 2.76594 0.887426 1.50584 2.76629 4.25728
4.58855 3.77072 2.48578 4.2055 0.754231 1.48185 3.16392 
</phi>
<phiEndVertex>
0 0 0 0 0 0 0 0 0 0
0 0 0 0 0 0 0 0 0 4.26053
0 0 0 0 0 1.91269 6.24303 0 2.05416 5.9999
0 0 0 0 0 0 0 0 0 0
0.277654 0 0 2.13165 2.34717 0 1.99845 0 3.14269 0
0 0 0 4.42646 0 4.27828 0 5.14127 0 0
0 0 0 0 3.08639 0 0 0 0 0
0 0 0 0 0 0 0 0 0 0
0 0 0 0 0 0 0 0 0 0
0 4.84741 0 0 0 0 0.50161 0 0 4.07023
0 0 0 3.41367 0 0 3.78791 0 0 0
0 4.01113 0 0 0 0 0 0 0 0
0 0 0 0 0 5.04254 0 0 1.35922 0
2.72986 0 0 0 0 0 0 0 0 0
0 0 0 0 0 0 0 0 0 0
0 0 0 0 0 0 5.93896 0 0 0
0 0 0 0 0 2.90126 0 0 0 0
0 0 0 0 0 0 3.88741 0 0 0
0 0 0 1.97572 0 0 0 0 1.71502 0
0 0 0 0 0 0.424609 0 0 0 3.98557
0 0 0 0 0 0 0 0 0 0
0 1.88842 0 0 0 0 0 0 0 0
5.52859 6.06581 0 0 0 0 0 0 0.54123 0
0 0 0 0 0 0 0 0 0 0
0 2.96439 0 0 0 4.55393 0 0 0 0
0 0 0 0 0 0 0 2.72116 0 0
0 0 5.04943 0 0 0 3.23529 0 0 0
0 0 0 0 4.63752 0 3.76466 4.47306 0 0
0 0 0 0 0 0 0 0 0 0
0 0 0 3.76441 0 0 0 0 0 0
0 0 0 0 0 0 0 0 0 0
0 0 0 0 0 0 0 0 0 0
0 0 0 0 0 0 0 0 0 0
0 0 0 0 0 0 0 0 0 2.44436
0 0 0 0 0 0 0 0 0 0
0 0 0 0 0 0 0 0 0 0
0 0 0 0 0 0 0 0 0 0
0 0 0 0 4.35527 0 0 0 0 0
0 0 0 0 0 0 0 0 0 0
0 0 0 0 0 0 1.40465 0 1.24996 1.40922
0 1.42828 0 0 0 0 0 0 0 0
0 0 0 0 0 0 0 0 0 2.80938
0 5.38672 0 0 0 0 0 0 0 0
0 0 0 0 0 0 0 0 0 0
0 0 0 0 0 0 5.46087 0 0 0
0 0 0 0 0 0 0 0 0 1.4224
0 0 0 0 0 0 0 0 0 0
0 0 0 0 0 0 0 0 0 0
0 0 0 0 0 0 0 0 0 0
0 0 0 0 0 0 0 0 0 0
0 0 0 0 0 0 0 0.50161 0 0
0 0 0 0 0 0 0 0 0 0
0 0 0 0 0 0 0 0 0 3.08639
0 0 0 0 0 0 0 0 0 0
0 0 0 0 0 0 0 0 0 0
0 0 0 0 0 0 0 0 0 0
0 0 0 0 0 0 0 0 0 0
0 0 0 0 0 0 0 0 2.85386 0
0 0 0 0 0 0 0 0 0 0
2.1125 0 0 0 0 0 0 0 0 0
2.68286 0 0 0 0 0 0 0 0 0
0 0 2.70329 0 0 0 0 0 0 0
0 0 0 0 0 0 0 0 0 0
0 0 0 0 0 0 0 0 0 0
0 0 0 0 0 0 0 0 0 0
0 0 0 0 0 0 0 0 0 0
0 0.277654 0 0 0 0 0 0 0 0
0 0 0 0 0 0 0 0 0 0
0 1.91269 0 0 0 0 0 0 0 0
0 0 0 0 0 0 0 0 0 0
0 0 0 0 0 0 0 0 0 0
0 0 0 0 0 0 0 
</phiEndVertex>
<phiVertex>
1.03337 1.03337 1.03337 1.03337 1.03337 1.03337 1.03337 1.03337 1.03337 1.03337
1.03337 1.03337 1.03337 1.03337 1.03337 1.03337 1.03337 1.03337 1.03337 1.03337
1.03337 1.03337 1.03337 1.03337 1.03337 1.03337 1.03337 1.03337 1.03337 1.03337
1.03337 1.03337 1.03337 1.03337 1.03337 1.03337 1.03337 1.03337 1.03337 1.03337
1.03337 1.03337 1.03337 1.03337 1.03337 1.03337 1.03339 1.03339 1.03337 1.03337
1.03337 1.03337 1.03337 1.03337 1.03337 1.03337 1.03337 1.03337 1.03337 1.03337
1.03337 1.03337 1.03337 1.03337 1.03337 1.03337 1.03337 1.03337 1.03337 1.03337
1.03337 1.03337 1.03337 1.03337 1.03337 1.03337 1.03337 1.03337 1.03337 1.03337
1.0334 1.0334 1.03337 1.03337 1.03337 1.03337 1.03337 1.03337 1.03337 1.03337
1.03337 1.03337 1.03337 1.03337 1.03337 1.03337 1.03337 1.03337 1.03337 1.03337
1.03337 1.03337 1.03338 1.03338 1.03337 1.03337 1.03337 1.03337 1.03337 1.03337
1.03337 1.03337 1.03337 1.03343 1.03343 1.03337 1.03337 1.03337 1.03337 1.03337
1.03337 1.03337 1.03337 1.03337 1.03337 1.03337 1.03337 1.03337 1.03337 1.03337
1.03337 1.03337 1.03337 1.03337 1.03337 1.03337 1.03337 1.03337 1.03337 1.03337
1.03337 1.03337 1.03337 1.03337 1.03337 1.03337 1.03337 1.03337 1.03337 1.03337
1.03337 1.03337 1.03336 1.03336 1.03337 1.03337 1.03337 1.03334 1.03334 1.03337
1.03337 1.03337 1.03337 1.03337 1.03337 1.03337 1.03338 1.03338 1.03338 1.03338
1.03337 1.03337 1.03337 1.03332 1.03332 1.03337 1.03337 1.03337 1.03337 1.03337
1.03337 1.03337 1.03337 1.03337 1.03337 1.03337 1.03337 1.03343 1.03343 1.03337
1.03337 1.03337 1.03337 1.03337 1.03337 1.03332 1.03332 1.03337 1.03337 1.03337
1.03337 1.03339 1.03339 1.03338 1.03338 1.03337 1.03337 1.03337 1.03337 1.03336
1.03336 1.03338 1.03337 1.03337 1.03337 1.03337 1.03337 1.03338 1.03338 1.03338
1.03334 1.03334 1.03337 1.03337 1.03337 1.03337 1.03339 1.03339 1.03336 1.03337
1.03337 1.03336 1.03336 1.03337 1.03337 1.03337 1.03337 1.03337 1.03338 1.03338
1.03338 1.03338 1.03334 1.03334 1.03336 1.03336 1.03336 1.03336 1.03336 1.03334
1.03334 1.03336 1.03337 1.03337 1.03337 1.03333 1.03333 1.03337 1.03337 1.03337
1.03337 1.03337 1.03335 1.03335 1.03341 1.03341 1.03337 1.03337 1.03338 1.03338
1.03338 1.03338 1.03337 1.03337 1.03336 1.03336 1.03337 1.03337 1.03337 1.03337
1.03337 1.03337 1.03337 1.03337 1.03337 1.03337 1.03337 1.03337 1.03337 1.03337
1.03337 4.47306 4.47306 3.76466 3.76466 3.76441 4.63752 4.63752 3.23529 3.23529
5.04943 5.04943 1.51343 1.51343 2.72116 2.72116 2.98414 2.98415 2.98415 4.36507
4.36507 6.16431 6.16431 4.55393 4.55393 5.92879 5.92878 5.92878 2.96439 2.96439
0.700856 0.700856 3.86751 3.86751 3.41209 3.41209 1.72021 1.72021 0.54123 0.54123
6.06581 6.06581 5.52859 5.52859 1.72522 1.72522 3.84823 3.84823 2.2442 2.2442
2.44436 1.88842 1.88842 3.23975 3.23975 3.98557 3.98557 4.81042 4.81042 1.42323
1.42323 0.424609 0.424609 4.19828 4.21662 4.21662 1.71502 1.71502 1.97572 1.97572
1.97572 1.97572 1.97572 1.97572 1.97572 1.97572 1.97572 1.97572 1.97572 1.5947
1.5947 1.5947 1.5947 1.5947 1.5947 1.5947 4.35527 3.94019 3.94019 3.94019
3.94019 3.94019 3.94019 3.94019 3.94019 3.94019 3.94019 3.94019 3.94019 3.94019
3.94019 3.94019 3.94019 3.94019 3.94019 3.94019 1.5947 1.5947 1.40465 1.40465
1.24996 1.40922 1.42828 1.42828 3.88741 3.88741 2.90126 2.90126 1.69574 1.69574
5.93896 5.93896 5.61465 5.61465 5.61465 5.61465 5.61465 5.61465 5.61465 3.82916
3.82916 3.82916 3.82916 3.82916 3.82916 3.82916 3.82916 3.82916 2.80938 2.80938
2.80938 2.80938 2.80938 2.80938 2.80938 5.38672 5.38672 5.38672 5.38672 5.38672
5.38672 1.1626 1.1626 5.06092 5.06092 0.148602 0.148594 0.148594 5.46087 5.46087
2.72986 2.72986 1.35922 1.35922 1.35922 1.35922 1.35922 1.35922 1.35922 1.35922
1.35922 1.35922 1.4224 1.4224 1.4224 1.4224 1.4224 5.04254 5.04254 4.01113
4.01113 4.01113 4.01113 4.01113 4.01113 4.01113 4.01113 4.01113 4.01113 4.01113
4.01113 4.01113 4.01113 4.01113 3.78791 0.632455 0.632455 0.632455 0.632455 0.632455
0.632455 0.632455 0.632455 0.632455 0.632455 0.632455 3.41367 3.41367 4.07023 4.07023
4.07023 4.07023 4.07023 4.07023 0.50161 0.50161 0.50161 0.50161 0.50161 0.50161
0.50161 0.50161 4.84741 4.84741 4.84741 4.84741 4.84741 4.84741 4.84741 4.84741
0.603755 0.603755 6.07917 6.07917 3.08639 3.08639 3.08639 3.08639 3.08639 3.08639
3.08639 3.08639 3.08639 3.08639 3.08639 5.14127 5.14127 5.14127 5.14127 5.14127
5.14127 5.14127 5.14127 4.27828 4.27828 4.27828 4.27828 4.27828 4.27828 4.27828
4.27828 4.27828 4.27828 4.27828 4.27828 4.27828 4.27828 4.27828 4.27828 4.27828
4.27828 4.27828 4.27828 4.42646 4.42646 3.14269 3.14269 3.14269 3.14269 3.14269
3.14269 3.14269 3.14269 3.14269 3.14269 3.14269 1.99845 1.99845 2.34717 2.34717
2.85386 2.13165 2.13165 2.13165 2.13165 2.13165 2.13165 2.13165 2.13165 2.13165
2.13165 2.1125 2.1125 0.725667 0.725667 0.725667 0.725667 0.725667 0.725667 0.725667
0.725667 2.68286 2.68286 2.68286 2.68286 2.68286 2.68286 2.68286 2.68286 2.68286
2.68286 2.68286 2.68286 2.70329 2.70329 2.70329 2.70329 2.70329 2.70329 2.70329
2.70329 2.70329 2.70329 2.70329 2.70329 2.70329 2.70329 0.277654 0.277654 0.277654
0.277654 0.277654 0.277654 0.277654 0.277654 0.277654 0.277654 0.277654 0.277654 0.277654
0.277654 0.277654 0.277654 0.277654 0.277654 0.277654 0.277654 0.277654 0.277654 0.277654
0.277654 0.277654 0.277654 0.277654 0.277654 0.277654 0.277654 0.277654 0.277654 0.277654
0.277654 0.277654 0.277654 0.277654 5.9999 5.9999 5.9999 5.9999 5.9999 5.9999
2.05416 2.05416 2.05416 2.05416 2.05416 2.05416 2.05416 6.24303 6.24303 1.91269
1.91269 1.91269 1.91269 1.91269 1.91269 1.91269 1.91269 1.91269 1.91269 1.91269
1.91269 1.91269 1.91269 1.91269 4.26053 4.26053 4.26053 4.26053 4.26053 4.26053
4.26053 4.26053 4.26053 4.26053 4.26053 2.15246 2.15246 1.52042 1.52042 3.78791
4.19828 3.76441 2.44436 4.35527 1.24996 1.40922 2.85386 
</phiVertex>
<pt>
34.0295 32.5526 34.026 32.5525 0.270551 0.687564 0.714425 0.0426278 0.396895 0.17722
0.390023 0.928162 0.400693 0.309956 0.342365 0.528662 0.925604 0.667754 0.376239 0.545533
1.0789 0.553571 0.525842 3.58048 0.47794 0.613772 0.773959 0.201965 1.08407 0.510653
0.596322 1.3028 0.229324 0.192792 0.388663 0.517056 0.811179 1.13652 0.464724 0.139053
0.715374 0.322109 0.887457 0.478897 0.727941 0.0505483 0.430729 0.23747 0.658195 0.101897
0.627273 0.624501 0.609661 0.634208 0.32474 0.679569 0.229269 0.552908 0.204123 0.158348
0.535357 0.299568 0.233389 0.269442 0.194632 0.340306 0.723429 0.221761 0.268511 0.105186
0.442493 0.510768 0.2523 0.475893 0.184238 0.169306 0.889116 0.243007 0.354428 0.828132
0.100542 0.204463 0.610117 0.342886 0.275357 0.263245 0.118163 0.108861 0.444214 0.128748
0.215052 0.42025 0.129046 0.558667 0.314385 0.0493317 0.676162 0.20148 0.272183 0.321975
0.0420757 0.195187 0.140638 0.270437 0.420213 1.25669 0.227769 0.330822 0.284336 0.0729723
0.925834 0.412229 0.643105 0.229575 0.514481 0.399753 0.117538 0.722194 0.859896 0.226855
0.10254 0.526979 0.418531 0.146891 0.309143 0.541551 0.469369 0.468765 0.721756 0.0892021
0.141373 1.15669 0.254192 0.111896 0.399652 0.249544 0.167915 0.205992 0.73675 0.106225
0.173552 0.0800138 0.277988 0.168978 0.120507 0.232574 1.40955 0.0522677 0.432557 0.0356018
0.32431 0.225685 0.0228087 0.150722 0.68135 0.202247 0.205349 0.554169 0.61377 0.601589
0.314615 0.439618 0.230824 0.256154 0.564603 0.587957 0.363661 0.038617 0.666838 0.126681
0.0318318 0.259975 0.518533 0.0024563 0.395725 0.546062 0.194985 0.122004 0.0624733 0.295845
0.206092 0.881424 0.217903 0.370398 0.41896 0.493478 0.652061 0.126946 0.290385 0.264147
0.220956 0.131811 0.480127 0.195714 0.309556 1.61578 0.0867241 0.0483019 0.118568 0.22826
0.0669745 0.0766583 0.132548 0.217711 0.0823755 0.0559926 0.388301 0.0658981 0.013391 0.180497
0.0220205 0.195721 1.13449 0.0624654 0.152666 0.0541593 0.160386 0.125819 0.102625 0.235855
0.232553 0.270614 0.193591 0.289399 0.234987 0.881241 0.127313 0.039825 0.300448 0.136774
0.060884 0.20766 0.0568561 0.0386522 0.410424 0.138579 0.116674 0.406922 0.104699 0.0752791
0.018254 0.228943 0.98955 0.272111 0.324388 0.504471 0.0426282 0.308898 0.0363059 0.389512
0.0150186 0.21652 0.0511965 0.130545 1.02982 0.719834 0.0044025 0.173341 0.0483185 0.0797502
0.0247909 0.212819 0.389272 0.0183725 0.0166956 0.377708 0.208183 0.254648 0.0327507 0.143113
0.0330989 0.0752722 0.0568688 0.0433962 0.204145 0.176872 0.353663 0.102036 0.0936745 0.092661
0.0885548 0.0447963 0.00348154 0.00393071 0.000897462 4.85158e-08 0.00527927 0.000936832 0.0115718 5.86581e-07
2.8223e-07 0.0181412 0.0838973 0.308643 0.0450272 0.0129151 0.159021 0.0451263 0.102909 0.105274
0.337815 0.0514552 0.144861 0.328634 0.149094 0.0242472 0.246278 0.184216 0.228606 0.0282488
0.0217043 0.195252 0.0482377 0.392422 0.112049 0.103579 0.365972 0.0283212 0.0485154 0.180428
0.0660512 0.000391257 0.0306444 0.112014 0.0300558 0.0475276 0.0377856 0.00462188 0.14062 0.159828
0.158903 0.111711 0.124648 0.107907 0.261897 0.179469 0.369113 0.174211 0.124887 0.390378
0.156368 0.134685 0.0610366 0.109463 0.0333868 0.0398372 0.188423 0.0157223 0.0227854 0.0183721
0.0342671 0.275442 1.34034 0.0960829 0.0148318 0.0375346 0.00786377 0.282665 0.254322 0.181397
9.04676e-05 0.000441843 0.00160152 0.0594844 0.0788269 0.0995352 0.363241 0.124158 0.24384 0.0675359
0.0580733 0.000882964 0.00541169 0.00936017 0.552696 0.256817 0.0938805 0.454706 0.108652 0.000524688
0.0349577 0.0337362 0.0548514 0.0923002 0.0922651 0.0886746 0.108653 0.132721 0.126935 0.175491
0.193926 0.19858 0.29708 0.377264 0.355361 0.226518 0.88979 0.225206 0.415239 0.474552
0.196637 0.384986 0.111472 0.273514 0.191642 0.00335515 0.367761 0.250648 0.158059 1.10763
0.159902 0.0454469 0.438928 0.911662 0.784373 0.124734 0.722354 0.394203 0.0106805 1.94254
0.683463 1.24914 0.855531 0.28643 0.104411 0.115331 0.149589 0.588552 0.0691581 0.0930626
0.00288444 0.112668 0.2307 0.478805 1.89351 0.0534012 0.175127 0.172437 0.510803 0.678076
0.666673 0.257973 0.149266 0.15355 0.183704 0.093866 0.508069 0.366777 0.434812 0.0732527
0.0783074 0.0630661 0.0382181 0.349085 0.564044 0.367357 0.641138 0.174571 0.367397 0.477268
0.142663 0.302755 0.244458 0.000123055 0.00971292 0.066113 0.27092 0.135021 0.406529 0.106183
0.0378796 0.000133794 0.00049965 0.0594884 0.0358977 0.00439889 0.0797685 0.101274 0.121786 0.0375675
0.180657 0.0619254 0.354187 0.272718 0.0546335 0.0376209 0.140804 0.150379 0.186884 0.136068
0.204571 0.276023 0.360481 0.118333 0.196107 0.243514 0.219821 0.0506185 0.0867763 8.42105e-05
0.00132152 0.15618 0.804208 0.735317 0.526421 0.146085 0.139857 0.669739 0.471337 0.783211
0.212743 0.457014 0.110247 0.000215801 0.00146791 0.00193885 0.00174924 0.0517886 0.270303 0.740444
0.653846 0.0963534 0.111657 0.0976638 0.123185 0.000217987 0.00256525 0.00215527 0.119413 0.737274
0.167426 0.185218 0.486131 0.641856 0.10721 0.104741 0.000100824 0.000258516 0.00148971 0.00558304
0.11572 0.316546 0.511679 0.0440332 0.0564757 0.0606355 0.0938568 0.093139 0.10808 0.123818
0.189685 0.231963 0.162078 0.179121 0.256859 0.126724 0.133238 0.361507 0.139064 0.16092
0.481989 0.289718 0.33125 0.572915 0.134334 0.235072 0.133242 0.131701 0.0565396 0.000104542
0.000938691 0.00260089 0.229174 0.213352 0.499487 0.934116 0.295443 0.135284 0.637523 0.13384
0.0893285 0.355228 0.000100484 0.000185586 0.00466652 0.139549 0.343628 0.395199 0.492085 0.064945
0.660336 0.271381 0.401301 0.159696 0.232782 0.00199587 0.154112 0.153763 0.370608 0.670411
0.313024 0.112226 0.125078 0.000133019 0.000162507 0.0376553 0.037709 0.365043 0.257174 0.060435
0.0914071 0.212759 0.72793 0.59193 0.187164 0.189296 0.0460356 0.00179726 0.0877237 0.134194
0.134164 0.137468 0.13275 0.123264 0.20588 0.503234 0.33401 0.474779 0.0117683 0.000302763
0.000288279 0.0386057 0.0604444 0.00138407 0.000762616 0.0659223 0.0896996 0.0854967 0.0958024 0.0773469
0.10207 0.112446 0.0612634 0.0916719 0.137259 0.143065 0.159384 0.0294744 0.128162 0.25098
0.212203 0.183363 0.139036 0.359815 0.385908 0.113867 0.242592 0.275618 0.597391 0.250371
0.437229 1.19901 1.13657 0.0635882 0.127215 0.119265 0.2732 0.000272222 0.000879286 0.600695
0.0937292 0.00016161 0.000411819 0.00329898 0.37041 0.513708 0.627005 0.57798 0.204916 0.445158
1.08784 0.424219 0.146192 0.703651 0.174618 0.335611 0.402439 0.445473 0.107938 0.0523219
0.16511 0.515451 0.128967 0.300065 0.287489 0.0972163 6.86003e-05 0.00014497 0.0276293 0.011822
0.242895 0.287088 0.873326 0.414158 0.371492 0.61314 0.0442496 0.687396 0.0844837 0.181287
0.227379 0.297166 0.210259 0.523255 0.18797 0.0904581 0.724198 
</pt>
<rhoEndVertex>
0 0 0 0 0 0 0 0 0 0
0 0 0 0 0 0 0 0 0 356.171
0 0 0 0 0 310.592 245.605 0 15.4741 26.8922
0 0 0 0 0 0 0 0 0 0
338.047 0 0 277.614 11.7847 0 11.5425 0 298.735 0
0 0 0 289.401 0 66.4544 0 176.543 0 0
0 0 0 0 310.545 0 0 0 0 0
0 0 0 0 0 0 0 0 0 0
0 0 0 0 0 0 0 0 0 0
0 39.4631 0 0 0 0 146.106 0 0 65.6732
0 0 0 55.941 0 0 263.387 0 0 0
0 210.219 0 0 0 0 0 0 0 0
0 0 0 0 0 10.4888 0 0 16.5043 0
35.9717 0 0 0 0 0 0 0 0 0
0 0 0 0 0 0 0 0 0 0
0 0 0 0 0 0 281.384 0 0 0
0 0 0 0 0 40.6154 0 0 0 0
0 0 0 0 0 0 297.583 0 0 0
0 0 0 212.108 0 0 0 0 331.459 0
0 0 0 0 0 320.58 0 0 0 158.263
0 0 0 0 0 0 0 0 0 0
0 221.235 0 0 0 0 0 0 0 0
331.518 188.873 0 0 0 0 0 0 309.114 0
0 0 0 0 0 0 0 0 0 0
0 45.0053 0 0 0 310.686 0 0 0 0
0 0 0 0 0 0 0 104.253 0 0
0 0 157.255 0 0 0 15.5063 0 0 0
0 0 0 0 325.63 0 222.868 269.592 0 0
0 0 0 0 0 0 0 0 0 0
0 0 0 245.142 0 0 0 0 0 0
0 0 0 0 0 0 0 0 0 0
0 0 0 0 0 0 0 0 0 0
0 0 0 0 0 0 0 0 0 0
0 0 0 0 0 0 0 0 0 302.218
0 0 0 0 0 0 0 0 0 0
0 0 0 0 0 0 0 0 0 0
0 0 0 0 0 0 0 0 0 0
0 0 0 0 199.053 0 0 0 0 0
0 0 0 0 0 0 0 0 0 0
0 0 0 0 0 0 145.843 0 238.499 161.877
0 197.886 0 0 0 0 0 0 0 0
0 0 0 0 0 0 0 0 0 196.398
0 271.628 0 0 0 0 0 0 0 0
0 0 0 0 0 0 0 0 0 0
0 0 0 0 0 0 40.9749 0 0 0
0 0 0 0 0 0 0 0 0 68.8971
0 0 0 0 0 0 0 0 0 0
0 0 0 0 0 0 0 0 0 0
0 0 0 0 0 0 0 0 0 0
0 0 0 0 0 0 0 0 0 0
0 0 0 0 0 0 0 146.106 0 0
0 0 0 0 0 0 0 0 0 0
0 0 0 0 0 0 0 0 0 310.545
0 0 0 0 0 0 0 0 0 0
0 0 0 0 0 0 0 0 0 0
0 0 0 0 0 0 0 0 0 0
0 0 0 0 0 0 0 0 0 0
0 0 0 0 0 0 0 0 170.179 0
0 0 0 0 0 0 0 0 0 0
285.431 0 0 0 0 0 0 0 0 0
322.909 0 0 0 0 0 0 0 0 0
0 0 330.359 0 0 0 0 0 0 0
0 0 0 0 0 0 0 0 0 0
0 0 0 0 0 0 0 0 0 0
0 0 0 0 0 0 0 0 0 0
0 0 0 0 0 0 0 0 0 0
0 338.047 0 0 0 0 0 0 0 0
0 0 0 0 0 0 0 0 0 0
0 310.592 0 0 0 0 0 0 0 0
0 0 0 0 0 0 0 0 0 0
0 0 0 0 0 0 0 0 0 0
0 0 0 0 0 0 0 
</rhoEndVertex>
<rhoVertex>
0.647381 0.647381 0.647381 0.647381 0.647381 0.647381 0.647381 0.647381 0.647381 0.647381
0.647381 0.647381 0.647381 0.647381 0.647381 0.647381 0.647381 0.647381 0.647381 0.647381
0.647381 0.647381 0.647381 0.647381 0.647381 0.647381 0.647381 0.647381 0.647381 0.647381
0.647381 0.647381 0.647381 0.647381 0.647381 0.647381 0.647381 0.647381 0.647381 0.647381
0.647381 0.647381 0.647381 0.647381 0.647381 0.647381 0.647392 0.647392 0.647381 0.647381
0.647381 0.647381 0.647381 0.647381 0.647381 0.647381 0.647381 0.647381 0.647381 0.647381
0.647381 0.647381 0.647381 0.647381 0.647381 0.647381 0.647381 0.647381 0.647381 0.647381
0.647381 0.647381 0.647381 0.647381 0.647381 0.647381 0.647381 0.647381 0.647381 0.647381
0.647836 0.647836 0.647381 0.647381 0.647381 0.647381 0.647381 0.647381 0.647381 0.647381
0.647381 0.647381 0.647381 0.647381 0.647381 0.647381 0.647381 0.647381 0.647381 0.647381
0.647383 0.647383 0.647389 0.647389 0.647381 0.647381 0.647381 0.647381 0.647381 0.647381
0.647381 0.647381 0.647381 0.647455 0.647455 0.647381 0.647381 0.647381 0.647381 0.647381
0.647381 0.647381 0.647381 0.647381 0.647381 0.647381 0.647381 0.647381 0.647381 0.647381
0.647381 0.647381 0.647381 0.647381 0.647381 0.647381 0.647381 0.647381 0.647381 0.647381
0.647381 0.647381 0.647381 0.647381 0.647381 0.647381 0.647381 0.647381 0.64724 0.64724
0.647381 0.647381 0.647292 0.647292 0.647381 0.64738 0.64738 0.646775 0.646775 0.647381
0.647381 0.647381 0.647381 0.647381 0.647381 0.647381 0.647346 0.647346 0.647349 0.647349
0.647371 0.647371 0.647381 0.646676 0.646676 0.647381 0.647381 0.647381 0.647381 0.647381
0.647381 0.647381 0.647381 0.647381 0.647381 0.647381 0.647381 0.647069 0.647069 0.647381
0.647381 0.647381 0.647381 0.647184 0.647184 0.647838 0.647838 0.647384 0.647384 0.647395
0.647395 0.647381 0.647381 0.645642 0.645642 0.647125 0.647381 0.647133 0.647133 0.647343
0.647343 0.647429 0.647381 0.647513 0.647513 0.64883 0.64883 0.647383 0.647383 0.647379
0.647329 0.647329 0.647246 0.647246 0.64738 0.64738 0.647385 0.647385 0.647455 0.647383
0.647383 0.647393 0.647393 0.643798 0.643798 0.647335 0.647381 0.647381 0.647376 0.647376
0.647362 0.647362 0.646517 0.646517 0.64722 0.64722 0.64733 0.647279 0.647279 0.647132
0.647132 0.647269 0.645954 0.645954 0.647381 0.646444 0.646444 0.647371 0.647371 0.64711
0.64711 0.647381 0.647374 0.647374 0.647342 0.647342 0.647374 0.647374 0.647375 0.647375
0.64737 0.64737 0.647376 0.647376 0.647281 0.647281 0.64733 0.64733 0.647381 0.647381
0.647368 0.647368 0.647381 0.647381 0.647381 0.647381 0.647381 0.647381 0.647381 0.647381
0.647381 269.592 269.592 222.868 222.868 245.142 325.63 325.63 15.5063 15.5063
157.255 157.255 189.753 189.753 104.253 104.253 3.70444 3.70448 3.70448 310.546
310.546 367.804 367.804 310.686 310.686 6.96614 6.96614 6.96614 45.0053 45.0053
310.182 310.182 365.381 365.381 310.111 310.111 310.117 310.117 309.114 309.114
188.873 188.873 331.518 331.518 4.39712 4.39712 115.027 115.027 35.7786 35.7786
302.218 221.235 221.235 419.682 419.682 158.263 158.263 305.503 305.503 264.122
264.122 320.58 320.58 142.296 65.4986 65.4986 331.459 331.459 212.108 212.108
212.108 212.108 212.108 212.108 212.108 212.108 212.108 212.108 212.108 55.624
55.624 55.624 55.624 55.624 55.624 55.624 199.053 310.694 310.694 310.694
310.694 310.694 310.694 310.694 310.694 310.694 310.694 310.694 310.694 310.694
310.694 310.694 310.694 310.694 310.694 310.694 55.624 55.624 145.843 145.843
238.499 161.877 197.886 197.886 297.583 297.583 40.6154 40.6154 9.98697 9.98697
281.384 281.384 76.9786 76.9786 76.9786 76.9786 76.9786 76.9786 76.9786 127.895
127.895 127.895 127.895 127.895 127.895 127.895 127.895 127.895 196.398 196.398
196.398 196.398 196.398 196.398 196.398 271.628 271.628 271.628 271.628 271.628
271.628 7.78336 7.78336 8.93942 8.93942 0.763275 0.763277 0.763277 40.9749 40.9749
35.9717 35.9717 16.5043 16.5043 16.5043 16.5043 16.5043 16.5043 16.5043 16.5043
16.5043 16.5043 68.8971 68.8971 68.8971 68.8971 68.8971 10.4888 10.4888 210.219
210.219 210.219 210.219 210.219 210.219 210.219 210.219 210.219 210.219 210.219
210.219 210.219 210.219 210.219 263.387 8.99953 8.99953 8.99953 8.99953 8.99953
8.99953 8.99953 8.99953 8.99953 8.99953 8.99953 55.941 55.941 65.6732 65.6732
65.6732 65.6732 65.6732 65.6732 146.106 146.106 146.106 146.106 146.106 146.106
146.106 146.106 39.4631 39.4631 39.4631 39.4631 39.4631 39.4631 39.4631 39.4631
1.20683 1.20683 131.025 131.025 310.545 310.545 310.545 310.545 310.545 310.545
310.545 310.545 310.545 310.545 310.545 176.543 176.543 176.543 176.543 176.543
176.543 176.543 176.543 66.4544 66.4544 66.4544 66.4544 66.4544 66.4544 66.4544
66.4544 66.4544 66.4544 66.4544 66.4544 66.4544 66.4544 66.4544 66.4544 66.4544
66.4544 66.4544 66.4544 289.401 289.401 298.735 298.735 298.735 298.735 298.735
298.735 298.735 298.735 298.735 298.735 298.735 11.5425 11.5425 11.7847 11.7847
170.179 277.614 277.614 277.614 277.614 277.614 277.614 277.614 277.614 277.614
277.614 285.431 285.431 126.234 126.234 126.234 126.234 126.234 126.234 126.234
126.234 322.909 322.909 322.909 322.909 322.909 322.909 322.909 322.909 322.909
322.909 322.909 322.909 330.359 330.359 330.359 330.359 330.359 330.359 330.359
330.359 330.359 330.359 330.359 330.359 330.359 330.359 338.047 338.047 338.047
338.047 338.047 338.047 338.047 338.047 338.047 338.047 338.047 338.047 338.047
338.047 338.047 338.047 338.047 338.047 338.047 338.047 338.047 338.047 338.047
338.047 338.047 338.047 338.047 338.047 338.047 338.047 338.047 338.047 338.047
338.047 338.047 338.047 338.047 26.8922 26.8922 26.8922 26.8922 26.8922 26.8922
15.4741 15.4741 15.4741 15.4741 15.4741 15.4741 15.4741 245.605 245.605 310.592
310.592 310.592 310.592 310.592 310.592 310.592 310.592 310.592 310.592 310.592
310.592 310.592 310.592 310.592 356.171 356.171 356.171 356.171 356.171 356.171
356.171 356.171 356.171 356.171 356.171 2.17865 2.17865 11.2997 11.2997 263.387
142.296 245.142 302.218 199.053 238.499 161.877 170.179 
</rhoVertex>
<zEndVertex>
0 0 0 0 0 0 0 0 0 0
0 0 0 0 0 0 0 0 0 345.36
0 0 0 0 0 310.392 245.189 0 14.1847 19.1576
0 0 0 0 0 0 0 0 0 0
-336.041 0 0 -274.095 -10.7298 0 -7.28186 0 278.315 0
0 0 0 280.36 0 65.1679 0 165.966 0 0
0 0 0 0 310.261 0 0 0 0 0
0 0 0 0 0 0 0 0 0 0
0 0 0 0 0 0 0 0 0 0
0 39.0575 0 0 0 0 143.355 0 0 -64.9138
0 0 0 -50.7568 0 0 -262.121 0 0 0
0 -177.328 0 0 0 0 0 0 0 0
0 0 0 0 0 -6.17582 0 0 -13.6861 0
-35.635 0 0 0 0 0 0 0 0 0
0 0 0 0 0 0 0 0 0 0
0 0 0 0 0 0 279.244 0 0 0
0 0 0 0 0 40.1678 0 0 0 0
0 0 0 0 0 0 282.224 0 0 0
0 0 0 191.631 0 0 0 0 329.316 0
0 0 0 0 0 -320.214 0 0 0 -157.14
0 0 0 0 0 0 0 0 0 0
0 -220.248 0 0 0 0 0 0 0 0
329.445 187.384 0 0 0 0 0 0 -308.54 0
0 0 0 0 0 0 0 0 0 0
0 44.3232 0 0 0 310.502 0 0 0 0
0 0 0 0 0 0 0 102.544 0 0
0 0 109.271 0 0 0 14.7783 0 0 0
0 0 0 0 322.648 0 221.852 268.751 0 0
0 0 0 0 0 0 0 0 0 0
0 0 0 244.021 0 0 0 0 0 0
0 0 0 0 0 0 0 0 0 0
0 0 0 0 0 0 0 0 0 0
0 0 0 0 0 0 0 0 0 0
0 0 0 0 0 0 0 0 0 -300.86
0 0 0 0 0 0 0 0 0 0
0 0 0 0 0 0 0 0 0 0
0 0 0 0 0 0 0 0 0 0
0 0 0 0 188.456 0 0 0 0 0
0 0 0 0 0 0 0 0 0 0
0 0 0 0 0 0 133.656 0 210.988 146.951
0 176.637 0 0 0 0 0 0 0 0
0 0 0 0 0 0 0 0 0 194.992
0 250.792 0 0 0 0 0 0 0 0
0 0 0 0 0 0 0 0 0 0
0 0 0 0 0 0 -18.5033 0 0 0
0 0 0 0 0 0 0 0 0 -57.9075
0 0 0 0 0 0 0 0 0 0
0 0 0 0 0 0 0 0 0 0
0 0 0 0 0 0 0 0 0 0
0 0 0 0 0 0 0 0 0 0
0 0 0 0 0 0 0 143.355 0 0
0 0 0 0 0 0 0 0 0 0
0 0 0 0 0 0 0 0 0 310.261
0 0 0 0 0 0 0 0 0 0
0 0 0 0 0 0 0 0 0 0
0 0 0 0 0 0 0 0 0 0
0 0 0 0 0 0 0 0 0 0
0 0 0 0 0 0 0 0 -152.227 0
0 0 0 0 0 0 0 0 0 0
-281.525 0 0 0 0 0 0 0 0 0
-322.078 0 0 0 0 0 0 0 0 0
0 0 -329.184 0 0 0 0 0 0 0
0 0 0 0 0 0 0 0 0 0
0 0 0 0 0 0 0 0 0 0
0 0 0 0 0 0 0 0 0 0
0 0 0 0 0 0 0 0 0 0
0 -336.041 0 0 0 0 0 0 0 0
0 0 0 0 0 0 0 0 0 0
0 310.392 0 0 0 0 0 0 0 0
0 0 0 0 0 0 0 0 0 0
0 0 0 0 0 0 0 0 0 0
0 0 0 0 0 0 0 
</zEndVertex>
<zVertex>
-0.575995 -0.575995 -0.575995 -0.575995 -0.575995 -0.575995 -0.575995 -0.575995 -0.575995 -0.575995
-0.575995 -0.575995 -0.575995 -0.575995 -0.575995 -0.575995 -0.575995 -0.575995 -0.575995 -0.575995
-0.575995 -0.575995 -0.575995 -0.575995 -0.575995 -0.575995 -0.575995 -0.575995 -0.575995 -0.575995
-0.575995 -0.575995 -0.575995 -0.575995 -0.575995 -0.575995 -0.575995 -0.575995 -0.575995 -0.575995
-0.575995 -0.575995 -0.575995 -0.575995 -0.575995 -0.575995 -0.576004 -0.576004 -0.575995 -0.575995
-0.575995 -0.575995 -0.575995 -0.575995 -0.575995 -0.575995 -0.575995 -0.575995 -0.575995 -0.575995
-0.575995 -0.575995 -0.575995 -0.575995 -0.575995 -0.575995 -0.575995 -0.575995 -0.575995 -0.575995
-0.575995 -0.575995 -0.575995 -0.575995 -0.575995 -0.575995 -0.575995 -0.575995 -0.575995 -0.575995
-0.576511 -0.576511 -0.575995 -0.575995 -0.575995 -0.575995 -0.575995 -0.575995 -0.575995 -0.575995
-0.575995 -0.575995 -0.575995 -0.575995 -0.575995 -0.575995 -0.575995 -0.575995 -0.575995 -0.575995
-0.575997 -0.575997 -0.576006 -0.576006 -0.575995 -0.575995 -0.575995 -0.575995 -0.575995 -0.575995
-0.575995 -0.575995 -0.575995 -0.576078 -0.576078 -0.575995 -0.575995 -0.575995 -0.575995 -0.575995
-0.575995 -0.575995 -0.575995 -0.575995 -0.575995 -0.575995 -0.575995 -0.575995 -0.575995 -0.575995
-0.575995 -0.575995 -0.575995 -0.575995 -0.575995 -0.575995 -0.575995 -0.575995 -0.575995 -0.575995
-0.575995 -0.575995 -0.575995 -0.575995 -0.575995 -0.575995 -0.575995 -0.575995 -0.575841 -0.575841
-0.575995 -0.575995 -0.575896 -0.575896 -0.575995 -0.575993 -0.575993 -0.57532 -0.57532 -0.575995
-0.575995 -0.575995 -0.575995 -0.575995 -0.575995 -0.575995 -0.575958 -0.575958 -0.575959 -0.575959
-0.575984 -0.575984 -0.575995 -0.575208 -0.575208 -0.575995 -0.575995 -0.575995 -0.575995 -0.575995
-0.575995 -0.575995 -0.575995 -0.575995 -0.575995 -0.575995 -0.575995 -0.575631 -0.575631 -0.575995
-0.575995 -0.575995 -0.575995 -0.575774 -0.575774 -0.576499 -0.576499 -0.575998 -0.575998 -0.576012
-0.576012 -0.575989 -0.575989 -0.574042 -0.574042 -0.575707 -0.575995 -0.575717 -0.575717 -0.575952
-0.575952 -0.576048 -0.575995 -0.576143 -0.576143 -0.577625 -0.577625 -0.575999 -0.575999 -0.57599
-0.575936 -0.575936 -0.575849 -0.575849 -0.575994 -0.575994 -0.576001 -0.576001 -0.576077 -0.575997
-0.575997 -0.57601 -0.57601 -0.571963 -0.571963 -0.575943 -0.575995 -0.575995 -0.575991 -0.575991
-0.575975 -0.575975 -0.57501 -0.57501 -0.575817 -0.575817 -0.575937 -0.575878 -0.575878 -0.575719
-0.575719 -0.575871 -0.574393 -0.574393 -0.575995 -0.574953 -0.574953 -0.575985 -0.575985 -0.57569
-0.57569 -0.575995 -0.57599 -0.57599 -0.575962 -0.575962 -0.575987 -0.575987 -0.57599 -0.57599
-0.575983 -0.575983 -0.575989 -0.575989 -0.575888 -0.575888 -0.57594 -0.57594 -0.575995 -0.575995
-0.575981 -0.575981 -0.575995 -0.575995 -0.575995 -0.575995 -0.575995 -0.575995 -0.575995 -0.575995
-0.575995 268.751 268.751 221.852 221.852 244.021 322.648 322.648 14.7783 14.7783
109.271 109.271 189.747 189.747 102.544 102.544 3.67705 3.67708 3.67708 310.076
310.076 367.793 367.793 310.502 310.502 6.93828 6.93828 6.93828 44.3232 44.3232
309.72 309.72 365.361 365.361 309.93 309.93 -309.851 -309.851 -308.54 -308.54
187.384 187.384 329.445 329.445 2.7808 2.7808 -115.02 -115.02 -35.6148 -35.6148
-300.86 -220.248 -220.248 419.672 419.672 -157.14 -157.14 -304.798 -304.798 -264.107
-264.107 -320.214 -320.214 142.264 65.409 65.409 329.316 329.316 191.631 191.631
191.631 191.631 191.631 191.631 191.631 191.631 191.631 191.631 191.631 55.5479
55.5479 55.5479 55.5479 55.5479 55.5479 55.5479 188.456 310.354 310.354 310.354
310.354 310.354 310.354 310.354 310.354 310.354 310.354 310.354 310.354 310.354
310.354 310.354 310.354 310.354 310.354 310.354 55.548 55.548 133.656 133.656
210.988 146.951 176.637 176.637 282.224 282.224 40.1678 40.1678 9.64462 9.64462
279.244 279.244 76.9036 76.9036 76.9036 76.9036 76.9036 76.9037 76.9037 127.862
127.862 127.862 127.862 127.862 127.862 127.862 127.862 127.862 194.992 194.992
194.992 194.992 194.992 194.992 194.992 250.792 250.792 250.792 250.792 250.792
250.792 7.71197 7.71197 8.60857 8.60857 -0.663355 -0.663356 -0.663356 -18.5033 -18.5033
-35.635 -35.635 -13.6861 -13.6861 -13.6861 -13.6861 -13.6861 -13.6861 -13.6861 -13.6861
-13.6861 -13.6861 -57.9075 -57.9075 -57.9075 -57.9075 -57.9075 -6.17582 -6.17582 -177.328
-177.328 -177.328 -177.328 -177.328 -177.328 -177.328 -177.328 -177.328 -177.328 -177.328
-177.328 -177.328 -177.328 -177.328 -262.121 -8.50578 -8.50578 -8.50578 -8.50578 -8.50578
-8.50578 -8.50578 -8.50578 -8.50578 -8.50578 -8.50578 -50.7568 -50.7568 -64.9138 -64.9138
-64.9138 -64.9138 -64.9138 -64.9138 143.355 143.355 143.355 143.355 143.355 143.355
143.355 143.355 39.0575 39.0575 39.0575 39.0575 39.0575 39.0575 39.0575 39.0575
-1.11679 -1.11679 -131.023 -131.023 310.261 310.261 310.261 310.261 310.261 310.261
310.261 310.261 310.261 310.261 310.261 165.966 165.966 165.966 165.966 165.966
165.966 165.966 165.966 65.1679 65.1679 65.1679 65.1679 65.1679 65.1679 65.1679
65.1679 65.1679 65.1679 65.1679 65.1679 65.1679 65.1679 65.1679 65.1679 65.1679
65.1679 65.1679 65.1679 280.36 280.36 278.315 278.315 278.315 278.315 278.315
278.315 278.315 278.315 278.315 278.315 278.315 -7.28186 -7.28186 -10.7298 -10.7298
-152.227 -274.095 -274.095 -274.095 -274.095 -274.095 -274.095 -274.095 -274.095 -274.095
-274.095 -281.525 -281.525 -126.2 -126.2 -126.2 -126.2 -126.2 -126.2 -126.2
-126.2 -322.078 -322.078 -322.078 -322.078 -322.078 -322.078 -322.078 -322.078 -322.078
-322.078 -322.078 -322.078 -329.184 -329.184 -329.184 -329.184 -329.184 -329.184 -329.184
-329.184 -329.184 -329.184 -329.184 -329.184 -329.184 -329.184 -336.041 -336.041 -336.041
-336.041 -336.041 -336.041 -336.041 -336.041 -336.041 -336.041 -336.041 -336.041 -336.041
-336.041 -336.041 -336.041 -336.041 -336.041 -336.041 -336.041 -336.041 -336.041 -336.041
-336.041 -336.041 -336.041 -336.041 -336.041 -336.041 -336.041 -336.041 -336.041 -336.041
-336.041 -336.041 -336.041 -336.041 19.1576 19.1576 19.1576 19.1576 19.1576 19.1576
14.1847 14.1847 14.1847 14.1847 14.1847 14.1847 14.1847 245.189 245.189 310.392
310.392 310.392 310.392 310.392 310.392 310.392 310.392 310.392 310.392 310.392
310.392 310.392 310.392 310.392 345.36 345.36 345.36 345.36 345.36 345.36
345.36 345.36 345.36 345.36 345.36 -2.10296 -2.10296 -11.1753 -11.1753 -262.121
142.264 244.021 -300.86 188.456 210.988 146.951 -152.227 
</zVertex>
</STr>

<RVx count="3" storeGateKey="">

<chi2>
1.31828 1.42794 1.42794 
</chi2>
<covMatrix multiple="6">
0.0146104 -0.00145565 0.000480988 -0.00103525 -0.0167587 0.846375 0.0215474 -0.00210495 0.00568999 -0.0176171
0.00139808 0.399569 0.0215474 -0.00210495 0.00568999 -0.0176171 0.00139808 0.399569 
</covMatrix>
<numTracks>
0 0 0 
</numTracks>
<primVxCand>
0 1 1 
</primVxCand>
<sgkey>
n/a n/a n/a 
</sgkey>
<x>
-1.42997 0.150544 0.150544 
</x>
<y>
8.62573 0.253682 0.253682 
</y>
<z>
36.9438 -0.577569 -0.577569 
</z>
</RVx>

</Event>
